#include "venc_webui.h"
#include "venc_httpd.h"
#include "venc_recordings.h"

#include <stddef.h>

static const unsigned char dashboard_gz[] = {
	0x1f, 0x8b, 0x08, 0x00, 0x00, 0x00, 0x00, 0x00, 0x02, 0x03, 0xed, 0x7d, 0x6b, 0x77, 0xdb, 0x38,
	0xb2, 0xe0, 0x77, 0xff, 0x0a, 0xb4, 0x7a, 0xa6, 0x29, 0x4d, 0x28, 0x5a, 0xb2, 0x2d, 0x27, 0x91,
	0x22, 0x67, 0x12, 0x27, 0xe9, 0xf6, 0xbd, 0x49, 0x27, 0x6d, 0x3b, 0xf3, 0x38, 0x99, 0x1c, 0x0d,
	0x25, 0x41, 0x12, 0xdb, 0x14, 0xc9, 0x26, 0x29, 0x3f, 0x5a, 0xed, 0x73, 0xf6, 0x47, 0xec, 0x2f,
	0xdc, 0x5f, 0xb2, 0x55, 0x05, 0x80, 0x04, 0xf8, 0x90, 0xe4, 0x74, 0xfa, 0xee, 0x9e, 0x7b, 0xee,
	0x3c, 0x62, 0x91, 0x04, 0x0a, 0x85, 0x42, 0xa1, 0x50, 0x2f, 0x00, 0xcf, 0xbe, 0x79, 0xf5, 0xfe,
	0xf4, 0xf2, 0x9f, 0x1f, 0x5e, 0xb3, 0x45, 0xba, 0xf4, 0x4f, 0xf6, 0xf6, 0x9e, 0xe1, 0x5f, 0xe6,
	0xbb, 0xc1, 0x7c, 0xd8, 0xe0, 0x41, 0x83, 0xde, 0x70, 0x77, 0x8a, 0x7f, 0x97, 0x3c, 0x75, 0xd9,
	0x64, 0xe1, 0xc6, 0x09, 0x4f, 0x87, 0x8d, 0x8f, 0x97, 0x6f, 0xda, 0x4f, 0x1a, 0xd9, 0xfb, 0xc0,
	0x5d, 0xf2, 0x61, 0xe3, 0xda, 0xe3, 0x37, 0x51, 0x18, 0xa7, 0x0d, 0x36, 0x09, 0x83, 0x94, 0x07,
	0x50, 0xee, 0xc6, 0x9b, 0xa6, 0x8b, 0xe1, 0x94, 0x5f, 0x7b, 0x13, 0xde, 0xa6, 0x07, 0x9b, 0x79,
	0x81, 0x97, 0x7a, 0xae, 0xdf, 0x4e, 0x26, 0xae, 0xcf, 0x87, 0x5d, 0xa7, 0x43, 0x70, 0x52, 0x2f,
	0xf5, 0xf9, 0xc9, 0x8d, 0x7b, 0x37, 0xe6, 0xee, 0x72, 0x74, 0xcd, 0x83, 0xc9, 0xb3, 0x7d, 0xf1,
	0x0e, 0x3e, 0x26, 0xe9, 0x1d, 0xfd, 0xf8, 0xab, 0xb7, 0xc4, 0x06, 0xd8, 0x2a, 0xf6, 0x9b, 0xd6,
	0x22, 0x4d, 0xa3, 0xa4, 0xbf, 0xbf, 0x3f, 0x83, 0xc6, 0x12, 0x67, 0x1e, 0x86, 0x73, 0x9f, 0xbb,
	0x91, 0x97, 0x38, 0x93, 0x70, 0xb9, 0x3f, 0x49, 0x92, 0x83, 0xe7, 0x33, 0x77, 0xe9, 0xf9, 0x77,
	0xc3, 0xff, 0xe0, 0xe9, 0xcb, 0xd8, 0xf5, 0x82, 0xe4, 0xd1, 0xbb, 0x30, 0x08, 0xfb, 0x37, 0xf3,
	0x45, 0xfa, 0xd7, 0xa3, 0x4e, 0x67, 0xd0, 0x83, 0xff, 0x1f, 0xc3, 0xff, 0x1f, 0x77, 0x3a, 0xdf,
	0xc9, 0xa2, 0xaf, 0xde, 0x3d, 0xba, 0x70, 0x83, 0xa4, 0xba, 0xcc, 0xd4, 0x4b, 0x22, 0xdf, 0xbd,
	0x1b, 0x26, 0x37, 0x6e, 0x64, 0xb5, 0x06, 0x7b, 0x7b, 0x7f, 0x59, 0x2f, 0xdd, 0x78, 0xee, 0x05,
	0xfd, 0xce, 0x20, 0x72, 0xa7, 0x53, 0x2f, 0x98, 0xc3, 0xaf, 0x71, 0x78, 0xdb, 0x4e, 0xbc, 0x5f,
	0xf1, 0x61, 0x1c, 0xc6, 0x53, 0x1e, 0xb7, 0xe1, 0xcd, 0xfd, 0xde, 0x5e, 0x3f, 0x0e, 0xc3, 0x74,
	0xbd, 0xb7, 0xd7, 0x6e, 0x8f, 0xe7, 0xfd, 0x6f, 0x3b, 0x6e, 0xc7, 0xed, 0x1e, 0x0c, 0xf0, 0xe1,
	0x00, 0x9e, 0x66, 0xdd, 0x4e, 0xf7, 0x29, 0x3c, 0x4d, 0xdc, 0x78, 0xda, 0xff, 0xb6, 0x7b, 0xd4,
	0xed, 0x1d, 0x74, 0xe4, 0x63, 0x7b, 0x11, 0x5e, 0xf3, 0x18, 0x5e, 0x3e, 0xed, 0xba, 0x07, 0xee,
	0x80, 0x00, 0x10, 0x5c, 0x78, 0xc5, 0x0f, 0x3a, 0x87, 0xbd, 0x81, 0x7a, 0xd1, 0x5e, 0x78, 0xfd,
	0x6f, 0x0f, 0xdc, 0x83, 0xe9, 0x91, 0x28, 0x96, 0xf2, 0xdb, 0xb4, 0xff, 0xed, 0xe4, 0xc9, 0xc4,
	0x9d, 0x22, 0x30, 0x7c, 0x6c, 0x4f, 0xbd, 0x65, 0xff, 0xdb, 0xe3, 0xf1, 0x31, 0x7f, 0xec, 0xaa,
	0x57, 0xe3, 0xd8, 0x83, 0xde, 0xf6, 0xbf, 0xe5, 0x7c, 0xd6, 0x99, 0x1d, 0x51, 0x4d, 0x77, 0x32,
	0x81, 0xe1, 0x83, 0x57, 0x4f, 0x8f, 0x7a, 0xc7, 0x58, 0x57, 0xbc, 0x68, 0xcf, 0xfd, 0xf0, 0xa6,
	0x1f, 0xcf, 0xc7, 0x6e, 0xf3, 0xe0, 0xf0, 0xd0, 0x3e, 0x7e, 0x6a, 0x3f, 0x3d, 0xb6, 0x9d, 0x6e,
	0xaf, 0x45, 0x95, 0x7c, 0xef, 0x9a, 0x43, 0xfb, 0x07, 0x93, 0x5e, 0x8f, 0x0f, 0xc4, 0x23, 0x76,
	0x95, 0x8a, 0x1f, 0x1e, 0xd9, 0xdd, 0xa7, 0x8f, 0xed, 0xa7, 0x47, 0x50, 0x5c, 0x94, 0x8e, 0x79,
	0x92, 0xba, 0x31, 0xb4, 0x31, 0xeb, 0x3d, 0xe5, 0x9d, 0xf1, 0x20, 0x7b, 0x93, 0xd5, 0x39, 0x38,
	0xea, 0xd9, 0xdd, 0xde, 0x13, 0xbb, 0xdb, 0xcd, 0x2a, 0x8d, 0xfd, 0x15, 0x34, 0x71, 0x38, 0x7e,
	0x72, 0x30, 0x3b, 0x1e, 0x88, 0xc7, 0xac, 0x78, 0xef, 0xa9, 0xdd, 0x3d, 0xec, 0xd8, 0x07, 0x47,
	0xc7, 0xb2, 0x38, 0xd0, 0x1c, 0xd9, 0x79, 0x8d, 0xfc, 0x81, 0x23, 0xc2, 0xfb, 0xdd, 0xc3, 0x08,
	0x47, 0x62, 0x1c, 0x4e, 0xef, 0xd6, 0x63, 0x77, 0x72, 0x35, 0x8f, 0xc3, 0x55, 0x30, 0xed, 0x5f,
	0xbb, 0x71, 0x13, 0x07, 0xa2, 0x35, 0x98, 0x84, 0x7e, 0x18, 0xcb, 0x67, 0xa4, 0x4d, 0x6b, 0x40,
	0x95, 0x05, 0x73, 0xf4, 0xad, 0x57, 0xef, 0x18, 0x72, 0x87, 0x65, 0x27, 0x77, 0x49, 0xca, 0x97,
	0xed, 0x95, 0x67, 0x27, 0xf0, 0xdc, 0x4e, 0x78, 0xec, 0xcd, 0x06, 0x4b, 0x2f, 0x68, 0x2f, 0x38,
	0xd1, 0xb2, 0xdb, 0xe9, 0x5c, 0x2f, 0x06, 0x38, 0x6e, 0x33, 0xa0, 0x58, 0xfb, 0xb6, 0xbf, 0xf0,
	0xa6, 0x53, 0x1e, 0x40, 0xdb, 0x93, 0x70, 0xca, 0xed, 0x28, 0xe6, 0xb6, 0xb3, 0x04, 0x5e, 0x5c,
	0x1b, 0xe0, 0x33, 0x3e, 0x65, 0xc8, 0xa7, 0x96, 0x8d, 0x25, 0x92, 0xc8, 0x9d, 0xf0, 0x41, 0xde,
	0x05, 0xe7, 0x49, 0x8f, 0x2f, 0x01, 0xce, 0xfe, 0x5f, 0xd8, 0xff, 0xf9, 0xdf, 0xff, 0x0b, 0xfe,
	0xc7, 0x2e, 0xb9, 0xcf, 0x61, 0x12, 0xc6, 0x77, 0xec, 0xa5, 0x1b, 0xab, 0x97, 0x7f, 0xd9, 0xdf,
	0xdb, 0x73, 0xd2, 0xb1, 0x1b, 0xaf, 0xa3, 0x30, 0x81, 0xe9, 0x16, 0x06, 0xfd, 0x24, 0xf5, 0x26,
	0x57, 0x77, 0x83, 0x34, 0x8c, 0x80, 0x49, 0x7f, 0x6d, 0x7b, 0xc1, 0x94, 0xdf, 0x22, 0xa2, 0x83,
	0x0a, 0x4a, 0x1c, 0xb4, 0x06, 0x19, 0xef, 0xa6, 0x69, 0xb8, 0xec, 0x77, 0xa3, 0x5b, 0x96, 0x84,
	0xbe, 0x37, 0x65, 0xb2, 0x08, 0x7d, 0x6d, 0xe5, 0x6c, 0xcf, 0xba, 0xce, 0x41, 0xcc, 0x97, 0x03,
	0x49, 0x80, 0xa3, 0xa3, 0xe8, 0x76, 0x20, 0xe7, 0x4b, 0x7f, 0xe6, 0xf3, 0xdb, 0x81, 0xeb, 0x7b,
	0xf3, 0xa0, 0xed, 0x01, 0xd9, 0x92, 0x3e, 0xf2, 0x12, 0x8f, 0x07, 0x73, 0x37, 0xea, 0x77, 0xb1,
	0x12, 0x62, 0x30, 0x8d, 0xc3, 0xa8, 0x3d, 0xf3, 0x7c, 0xf8, 0xd0, 0x87, 0x71, 0x8d, 0x9b, 0xdd,
	0x83, 0xe8, 0xb6, 0x75, 0x2f, 0xbb, 0xd1, 0x26, 0x51, 0xf0, 0x20, 0x72, 0xdd, 0x08, 0x4c, 0x60,
	0xe2, 0x6a, 0xe4, 0xa3, 0xe6, 0x8a, 0xa3, 0x2c, 0x67, 0x40, 0x6b, 0xe0, 0xf3, 0x14, 0x9a, 0x6f,
	0x23, 0x10, 0xec, 0x54, 0xdb, 0xe9, 0x1c, 0x40, 0xf1, 0x9b, 0x05, 0x60, 0x4d, 0x2f, 0x79, 0x3f,
	0x08, 0x6f, 0x62, 0x37, 0x32, 0xb1, 0x62, 0xf0, 0x29, 0x58, 0xeb, 0x40, 0xc5, 0x6c, 0x69, 0x19,
	0x78, 0x80, 0x30, 0xc9, 0xaa, 0x25, 0x3c, 0x5a, 0x93, 0x30, 0x44, 0xba, 0x2a, 0x92, 0x1d, 0x74,
	0xe0, 0x77, 0x79, 0x2c, 0x04, 0xa1, 0xb3, 0xaa, 0x48, 0xc0, 0xf5, 0x2e, 0x84, 0x75, 0x8e, 0xb0,
	0xab, 0x3a, 0xe3, 0x54, 0x76, 0x1d, 0xe4, 0x41, 0x6b, 0x53, 0x0f, 0x11, 0x2e, 0x1b, 0xaf, 0x6b,
	0x26, 0x86, 0xec, 0xdb, 0xb1, 0xd6, 0xb7, 0x29, 0x08, 0x39, 0xd1, 0xb7, 0xc7, 0x79, 0xdf, 0xf0,
	0xa7, 0x64, 0xa8, 0xd8, 0x9d, 0x7a, 0xab, 0xa4, 0xdf, 0xeb, 0xfc, 0x79, 0x80, 0xe8, 0xb7, 0x93,
	0x45, 0xec, 0x05, 0x57, 0x7d, 0x03, 0x80, 0x13, 0x06, 0xe5, 0xf9, 0xa9, 0x88, 0x4a, 0xf2, 0x75,
	0xe1, 0x4e, 0x41, 0x12, 0x75, 0x58, 0x87, 0x3d, 0x01, 0xce, 0x34, 0x0a, 0x98, 0x80, 0x66, 0xb3,
	0x32, 0xa4, 0xbc, 0xe3, 0x21, 0x8e, 0x74, 0x7a, 0x07, 0xc4, 0x32, 0x6a, 0x91, 0xe8, 0x9a, 0x45,
	0x49, 0xb9, 0x2a, 0x7e, 0x29, 0xa1, 0x70, 0x0c, 0x28, 0x14, 0xa5, 0x1c, 0xc8, 0x44, 0x37, 0xf0,
	0x96, 0x2e, 0x4d, 0xbd, 0x68, 0xe5, 0x27, 0x1c, 0x21, 0xb3, 0x83, 0x84, 0x71, 0x37, 0xe1, 0xb0,
	0x06, 0xce, 0x70, 0x19, 0xe4, 0xd0, 0xec, 0x5f, 0xaf, 0xf8, 0xdd, 0x2c, 0x86, 0x05, 0x34, 0x61,
	0x59, 0xb9, 0x75, 0xe7, 0xcf, 0x36, 0x4c, 0xcd, 0x3f, 0xaf, 0x15, 0x82, 0xdd, 0xfb, 0x9e, 0xf6,
	0xe4, 0xf4, 0xee, 0x33, 0x7c, 0x89, 0x75, 0xe5, 0x3a, 0xd4, 0xf6, 0xf9, 0x2c, 0xed, 0xbb, 0xab,
	0x34, 0xdc, 0x69, 0xee, 0x11, 0x4b, 0x64, 0x80, 0xc6, 0xa9, 0x41, 0xf4, 0x20, 0x0c, 0xb8, 0x1c,
	0xb3, 0xda, 0xd9, 0x5f, 0xcd, 0x4d, 0x4a, 0x26, 0x80, 0x08, 0x60, 0xdd, 0x4e, 0x69, 0xe4, 0x51,
	0x32, 0x4c, 0x56, 0x71, 0x02, 0x35, 0xa3, 0xd0, 0x23, 0x64, 0x34, 0x2e, 0x7d, 0xdc, 0xcb, 0xd8,
	0x76, 0xfb, 0x3c, 0x4f, 0x63, 0x90, 0xbe, 0x42, 0xba, 0xb9, 0xbe, 0xcf, 0x60, 0x25, 0x4a, 0xf4,
	0xee, 0xf4, 0x69, 0xe5, 0x5c, 0xcb, 0xe6, 0xab, 0x91, 0x2d, 0x31, 0xb6, 0x29, 0x5b, 0xdd, 0x71,
	0x62, 0x8a, 0x54, 0x78, 0x61, 0x4e, 0xbf, 0xaf, 0x2a, 0x3d, 0x71, 0x54, 0xc4, 0x4c, 0x70, 0xc7,
	0x6b, 0xf5, 0xd5, 0x79, 0x0c, 0x9f, 0x54, 0x89, 0x02, 0xe5, 0xaa, 0x3b, 0xa5, 0xcf, 0xcd, 0x9e,
	0x21, 0xff, 0x60, 0xf9, 0x20, 0x81, 0x6b, 0xa0, 0x77, 0x90, 0xa1, 0x47, 0x04, 0x8d, 0xdc, 0x18,
	0x78, 0xa4, 0x8a, 0xb8, 0x83, 0x55, 0x82, 0xe2, 0x11, 0x16, 0x9c, 0x49, 0x4a, 0x0c, 0x22, 0x51,
	0x95, 0x84, 0xae, 0xa2, 0x25, 0x7e, 0x76, 0xdc, 0x49, 0x0a, 0xf3, 0xa6, 0x52, 0x44, 0x1a, 0x98,
	0xb4, 0x2b, 0x4a, 0x48, 0x18, 0x6d, 0xa9, 0x52, 0x66, 0xc4, 0x27, 0xfe, 0x54, 0x24, 0x92, 0xc4,
	0x59, 0xba, 0xb7, 0x6d, 0x29, 0x57, 0x61, 0xf6, 0x00, 0x9f, 0x29, 0xf5, 0x8c, 0xe1, 0x9c, 0x28,
	0x40, 0x52, 0x58, 0x29, 0x80, 0x63, 0x3f, 0x9c, 0x5c, 0x69, 0x93, 0x76, 0xe6, 0x4e, 0xf9, 0x59,
	0xc0, 0x1c, 0x39, 0x65, 0xcd, 0x99, 0x2a, 0x3e, 0xae, 0x67, 0x71, 0xb8, 0xcc, 0x66, 0x65, 0x47,
	0x90, 0x6c, 0x16, 0xc6, 0xcb, 0x3e, 0xfd, 0xf2, 0xdd, 0x94, 0xff, 0xb3, 0x79, 0x84, 0xcb, 0x58,
	0x1a, 0xe6, 0x53, 0x59, 0x2b, 0x46, 0x34, 0x34, 0x38, 0xee, 0x9c, 0x4f, 0x80, 0x22, 0xd0, 0xa7,
	0x04, 0x99, 0xcf, 0xe0, 0xbd, 0x98, 0x4f, 0xda, 0xa8, 0x8d, 0x03, 0xa5, 0x0d, 0x0e, 0xfc, 0x79,
	0x05, 0x4b, 0xfb, 0xec, 0x4e, 0xf5, 0xab, 0x4f, 0x73, 0xa3, 0x3d, 0xe6, 0xe9, 0x0d, 0xe7, 0x41,
	0xd5, 0xdc, 0x27, 0xb9, 0x8b, 0x52, 0xbe, 0x8f, 0xff, 0x98, 0xcb, 0xb0, 0xc1, 0xca, 0xa8, 0x7e,
	0xb6, 0xb6, 0x09, 0x01, 0x73, 0x76, 0x83, 0x2c, 0xcc, 0x46, 0x85, 0xe4, 0x0b, 0xeb, 0x8a, 0x91,
	0x21, 0xf9, 0x24, 0x19, 0x4e, 0x0a, 0x1e, 0xea, 0x11, 0xda, 0x0f, 0x66, 0x7f, 0x08, 0x1f, 0x47,
	0xc8, 0x01, 0x13, 0xd3, 0xdd, 0x56, 0x33, 0xbd, 0xc7, 0x63, 0x18, 0x39, 0xdf, 0x43, 0x46, 0xcd,
	0x1a, 0xab, 0x58, 0xcd, 0x32, 0x05, 0xa0, 0xb4, 0xa8, 0xe5, 0xb5, 0xe8, 0x57, 0x68, 0xae, 0xf3,
	0xb4, 0x1a, 0x94, 0x0b, 0xc1, 0x9a, 0x53, 0x89, 0x99, 0x2c, 0x89, 0x7c, 0x17, 0x06, 0x49, 0xb9,
	0xd3, 0x55, 0x7d, 0x96, 0x75, 0x6e, 0xdc, 0xd8, 0x90, 0xce, 0x25, 0x05, 0xb9, 0xf3, 0xa4, 0x62,
	0xa0, 0x4a, 0xa5, 0x0e, 0x4d, 0x81, 0x27, 0x35, 0xee, 0x56, 0x85, 0x84, 0xce, 0xc6, 0x10, 0x71,
	0x62, 0x82, 0xdc, 0x15, 0x83, 0x58, 0x1c, 0x92, 0xfb, 0xbd, 0x6f, 0x11, 0x5d, 0x98, 0x66, 0xa0,
	0x17, 0xa5, 0x53, 0x27, 0x58, 0x2d, 0xd7, 0xd4, 0x7f, 0x1a, 0x94, 0x3e, 0x91, 0x59, 0xd4, 0x01,
	0x0c, 0x3c, 0x17, 0xfe, 0x42, 0x09, 0xd0, 0x9e, 0x27, 0x7d, 0xa8, 0xb2, 0xf2, 0x41, 0x6e, 0xc3,
	0x73, 0x52, 0x84, 0x12, 0x87, 0x37, 0x20, 0xce, 0x93, 0x32, 0xa4, 0x2a, 0xc5, 0xa5, 0xb2, 0x2a,
	0x73, 0x70, 0x79, 0xcb, 0x3a, 0x75, 0x48, 0x9d, 0x7a, 0x5c, 0xe8, 0xc0, 0xe3, 0x03, 0xad, 0x97,
	0xb4, 0x94, 0x52, 0x41, 0x39, 0x04, 0x7c, 0x19, 0xa5, 0x77, 0xeb, 0xcd, 0x4b, 0x1e, 0xf1, 0xba,
	0x86, 0xa5, 0x9a, 0x70, 0xd5, 0xf2, 0x97, 0x46, 0x6a, 0xea, 0x26, 0x0b, 0xbe, 0x75, 0x4e, 0xdd,
	0x6b, 0xea, 0x98, 0x33, 0xf1, 0x41, 0x93, 0xc7, 0x0e, 0xae, 0x0b, 0xab, 0x81, 0x26, 0xb2, 0x09,
	0x4f, 0xb9, 0x22, 0x56, 0x55, 0xad, 0x11, 0xd9, 0x6a, 0x26, 0x18, 0x32, 0xe9, 0x02, 0xd4, 0x62,
	0x92, 0x48, 0x17, 0x5c, 0xb0, 0xae, 0x21, 0x96, 0x12, 0xf1, 0x72, 0xfd, 0xb5, 0xa4, 0x47, 0x15,
	0x97, 0x29, 0x4b, 0x2a, 0xb7, 0xa3, 0x54, 0xb3, 0x95, 0x12, 0xb1, 0x42, 0xe6, 0x65, 0x43, 0x7f,
	0x9c, 0xc9, 0xa4, 0x02, 0xf1, 0x8a, 0x6b, 0x9b, 0x36, 0x25, 0x35, 0xba, 0xe6, 0xbd, 0x04, 0xe2,
	0x26, 0x65, 0x44, 0x94, 0xce, 0x51, 0x45, 0x0c, 0x61, 0xc9, 0xb7, 0xca, 0x95, 0xd8, 0xe2, 0x70,
	0x5d, 0xe2, 0x91, 0x82, 0x2c, 0xaa, 0xb7, 0x5a, 0xb0, 0xcb, 0xa0, 0x20, 0x6a, 0x50, 0x27, 0x0b,
	0x7e, 0x1d, 0x17, 0x64, 0x55, 0x41, 0x3b, 0x90, 0x1c, 0x5f, 0xe8, 0x5d, 0xb6, 0x32, 0xe1, 0xb2,
	0xa7, 0x41, 0x74, 0x00, 0x92, 0xef, 0x46, 0x09, 0x30, 0x6a, 0xa9, 0x91, 0x7c, 0x35, 0x8b, 0xc3,
	0x14, 0x56, 0xbc, 0x66, 0xfb, 0x69, 0x67, 0xca, 0xe7, 0xad, 0x2d, 0xd5, 0xc9, 0x08, 0xd7, 0x17,
	0x73, 0xbd, 0x03, 0xc2, 0x42, 0x17, 0xac, 0x81, 0x06, 0x6b, 0x0d, 0xf7, 0x18, 0x5c, 0xfa, 0xc6,
	0xe3, 0xfe, 0x94, 0x9d, 0x87, 0x37, 0x26, 0x7b, 0xce, 0xf0, 0x75, 0xd6, 0xd0, 0x3c, 0xf6, 0xa6,
	0x03, 0xfc, 0x07, 0xe8, 0xb1, 0x8c, 0x70, 0x81, 0x46, 0x9d, 0x63, 0xb5, 0x0c, 0x12, 0xb0, 0xbf,
	0x3a, 0xa8, 0xb0, 0xce, 0x62, 0x52, 0x16, 0x36, 0xf2, 0x50, 0x2f, 0xe3, 0xa1, 0xdd, 0xf4, 0xbc,
	0x4c, 0xd9, 0xae, 0x54, 0xaa, 0x24, 0x0c, 0x12, 0x38, 0x87, 0x55, 0xaa, 0xd8, 0xbd, 0xea, 0x46,
	0xdf, 0x77, 0x93, 0x14, 0x08, 0xef, 0x41, 0x8f, 0xcc, 0x96, 0x15, 0x01, 0xa9, 0x98, 0x33, 0x59,
	0xb8, 0xc1, 0x9c, 0x67, 0x65, 0x10, 0x72, 0xbb, 0x5a, 0xee, 0x6f, 0x5a, 0x51, 0x0e, 0x5b, 0x19,
	0xc4, 0xb6, 0xef, 0x8e, 0xb9, 0xbf, 0xde, 0xb6, 0xfe, 0xb6, 0xd4, 0x9c, 0x5a, 0x70, 0x3f, 0x1a,
	0xec, 0x6c, 0xa5, 0x16, 0x9a, 0xd9, 0x2e, 0x9a, 0x9c, 0xb1, 0x3b, 0x9d, 0x73, 0x1d, 0x1d, 0x9c,
	0xd5, 0xb9, 0x14, 0x06, 0x22, 0xf6, 0x4a, 0x76, 0x07, 0x90, 0xb6, 0x34, 0xa7, 0x08, 0x6e, 0xce,
	0xc0, 0xab, 0x28, 0xe2, 0xf1, 0x04, 0x54, 0x86, 0x5d, 0x0d, 0x90, 0x82, 0xc3, 0x00, 0x68, 0x26,
	0x7a, 0x43, 0xf8, 0x91, 0x7a, 0x50, 0xd6, 0x17, 0x06, 0x95, 0x46, 0x25, 0xba, 0x9f, 0xf2, 0x9a,
	0x72, 0x80, 0xd6, 0xdb, 0x06, 0xcd, 0xf8, 0x22, 0x41, 0xe4, 0x33, 0xe2, 0x2c, 0x88, 0x56, 0xa9,
	0x31, 0x1b, 0x3c, 0x7c, 0xf3, 0x29, 0xbd, 0x8b, 0xf8, 0xb0, 0x81, 0x7d, 0x6f, 0x7c, 0xb6, 0xf5,
	0x57, 0xb0, 0xf6, 0x8e, 0x79, 0x0c, 0x2f, 0x85, 0x18, 0x5c, 0xef, 0xed, 0x55, 0x7a, 0xc9, 0x1e,
	0x68, 0x15, 0xe6, 0xcb, 0x23, 0x0c, 0x0a, 0xda, 0xeb, 0x15, 0xea, 0x46, 0x91, 0xb3, 0x6a, 0xdc,
	0x6e, 0xb9, 0xb3, 0x4d, 0xaa, 0xf9, 0x60, 0x23, 0x6b, 0x5a, 0xff, 0xc1, 0x13, 0x54, 0xfa, 0x75,
	0x69, 0xad, 0x99, 0x7e, 0xca, 0x3c, 0xa4, 0x0e, 0xf7, 0x67, 0xe1, 0x64, 0x95, 0xc8, 0x7e, 0x8a,
	0x87, 0x75, 0xb8, 0x4a, 0x51, 0x55, 0xd4, 0x2d, 0xdf, 0x6a, 0x83, 0xa4, 0x8a, 0x64, 0xeb, 0xf6,
	0x32, 0xfc, 0xb5, 0xed, 0x02, 0x03, 0xb9, 0xd0, 0x3c, 0xa8, 0x23, 0xd8, 0x73, 0x62, 0xea, 0xea,
	0xf2, 0xfd, 0x3e, 0xf0, 0xe1, 0xf8, 0xca, 0x4b, 0xdb, 0xd0, 0x2c, 0xb1, 0x10, 0xae, 0x79, 0x2b,
	0x98, 0xcc, 0x81, 0xbd, 0xb9, 0xbc, 0x17, 0x04, 0x66, 0xf9, 0xb5, 0xfa, 0xa2, 0xb5, 0x4e, 0x7d,
	0x50, 0xd6, 0x0f, 0x74, 0x5a, 0x0e, 0x68, 0x61, 0xc9, 0xab, 0xab, 0x58, 0x7c, 0xce, 0xb9, 0xa0,
	0x0d, 0xd6, 0xd1, 0x9c, 0xf7, 0xd1, 0xff, 0xde, 0x98, 0xba, 0xa9, 0xdb, 0xa7, 0xe7, 0xfd, 0xe4,
	0x7a, 0xfe, 0xe8, 0x76, 0xe9, 0xdb, 0x7f, 0x3e, 0x3c, 0x85, 0x9f, 0x0c, 0x7e, 0x06, 0xc9, 0x90,
	0x1c, 0xf4, 0xfd, 0xfd, 0xfd, 0x9b, 0x9b, 0x1b, 0xe7, 0xe6, 0xd0, 0x09, 0xe3, 0xf9, 0x3e, 0xc8,
	0xd8, 0x0e, 0x16, 0xb6, 0x98, 0x08, 0x0c, 0x58, 0xdd, 0x8e, 0xc5, 0x84, 0x8f, 0x68, 0x68, 0x1d,
	0x5b, 0x7f, 0x3e, 0x7c, 0x0d, 0x10, 0x22, 0x37, 0x5d, 0xb0, 0xe9, 0xd0, 0x7a, 0xd7, 0x61, 0x1d,
	0xbf, 0xc7, 0x8e, 0x59, 0xaf, 0x7d, 0xfc, 0xab, 0xc5, 0x66, 0x9e, 0xef, 0x0f, 0xad, 0x3f, 0x1f,
	0x1c, 0x0a, 0xef, 0xb5, 0xb5, 0x2f, 0x4a, 0x23, 0x38, 0xf8, 0xd5, 0xd0, 0xe7, 0x05, 0xcc, 0x08,
	0xe8, 0x00, 0x2e, 0xe3, 0xf2, 0x97, 0xfe, 0x2d, 0x73, 0x88, 0x92, 0x38, 0x21, 0xff, 0x91, 0x29,
	0xdf, 0x85, 0x4b, 0xa5, 0x7f, 0x70, 0x44, 0xce, 0x62, 0x98, 0x4e, 0x97, 0xe1, 0x7c, 0x0e, 0xda,
	0xe4, 0xc5, 0x8d, 0x97, 0x4e, 0x16, 0xd2, 0x0f, 0x40, 0xaf, 0x72, 0xe7, 0x6a, 0xcc, 0x61, 0x2d,
	0x81, 0x69, 0x9c, 0x09, 0x3d, 0x2f, 0x40, 0x5e, 0x6a, 0x0b, 0xa3, 0x52, 0x70, 0xe7, 0xd1, 0xb1,
	0xe6, 0xec, 0xc3, 0xdf, 0x86, 0xff, 0x6b, 0x00, 0x32, 0x2f, 0xf5, 0x26, 0xae, 0x2f, 0x55, 0xc7,
	0x25, 0x68, 0x3a, 0x3e, 0xda, 0x2d, 0xa2, 0x29, 0x46, 0x4c, 0x91, 0x37, 0xe8, 0x8e, 0x61, 0xea,
	0x01, 0xe7, 0x0c, 0x72, 0xeb, 0x53, 0xb4, 0xd2, 0x51, 0x4d, 0x74, 0xb2, 0xba, 0x28, 0xe1, 0x26,
	0x57, 0x05, 0x43, 0xb7, 0x06, 0x27, 0x6d, 0xc2, 0x7f, 0x7b, 0x78, 0x78, 0x78, 0xdc, 0xeb, 0x14,
	0x66, 0x2b, 0xfa, 0xd0, 0x07, 0xf5, 0x7a, 0xa7, 0xae, 0x1f, 0x1d, 0x26, 0x76, 0xee, 0x29, 0xc3,
	0x47, 0xdd, 0x71, 0x06, 0xe2, 0x94, 0xa7, 0xac, 0xc3, 0xd0, 0xf9, 0x70, 0xa4, 0x1c, 0x68, 0x1d,
	0x1b, 0xff, 0xeb, 0xf4, 0x5a, 0x76, 0x87, 0xa1, 0x78, 0xe9, 0x48, 0x13, 0xa6, 0xd7, 0xb3, 0xd5,
	0xff, 0x9d, 0x4e, 0xaf, 0x55, 0xe8, 0x59, 0xbf, 0x3f, 0xe6, 0x20, 0xbf, 0x51, 0xd6, 0x0a, 0x0b,
	0xd8, 0xb2, 0x06, 0x66, 0x67, 0xcb, 0x64, 0x43, 0xad, 0x02, 0x7b, 0xa2, 0x56, 0x5d, 0x49, 0x0f,
	0x72, 0xc2, 0xd6, 0x38, 0x64, 0xbf, 0x7d, 0xe2, 0x3e, 0x99, 0x3e, 0x75, 0x2b, 0x1c, 0x99, 0xd5,
	0x1a, 0xd4, 0x61, 0xc2, 0x26, 0xab, 0xb1, 0x37, 0x01, 0x53, 0xfc, 0x57, 0x8f, 0xc7, 0x4d, 0xe7,
	0x08, 0x90, 0xb7, 0x9d, 0x03, 0xbb, 0xdb, 0xb2, 0x4d, 0x32, 0x99, 0x0e, 0xc5, 0x2a, 0x8a, 0x1c,
	0xb5, 0x0a, 0x9c, 0xd0, 0x07, 0xf5, 0x6b, 0x72, 0xc5, 0xa7, 0x8f, 0xcc, 0x31, 0xde, 0xc5, 0x6b,
	0xba, 0x89, 0xf2, 0x87, 0x48, 0xf9, 0x0e, 0xb9, 0xed, 0x58, 0x31, 0xce, 0x73, 0xb8, 0xeb, 0xa8,
	0x6c, 0xc2, 0x30, 0x1b, 0xab, 0x0a, 0x5f, 0xc9, 0x3f, 0x9a, 0x48, 0x72, 0x63, 0x81, 0xfb, 0x76,
	0x36, 0x9b, 0x6d, 0xa7, 0xce, 0xa1, 0xb9, 0xee, 0xbd, 0x20, 0x25, 0x92, 0xbd, 0x24, 0xe9, 0x68,
	0x6a, 0x83, 0xf5, 0xb6, 0xb7, 0xa9, 0x41, 0xa0, 0x82, 0xd7, 0x19, 0x14, 0x63, 0x27, 0x52, 0xd9,
	0xaa, 0x0c, 0x99, 0x64, 0xa6, 0xcc, 0x06, 0x7d, 0x55, 0xd9, 0x36, 0x58, 0x44, 0x58, 0x16, 0x79,
	0x1c, 0x86, 0x16, 0x7f, 0xdd, 0x46, 0xed, 0x69, 0x5e, 0x3f, 0xb9, 0xe2, 0xea, 0x2b, 0x93, 0x62,
	0xbf, 0x8d, 0xde, 0xd4, 0x27, 0x55, 0x86, 0x44, 0x95, 0x0e, 0xba, 0x6d, 0xbd, 0x95, 0xd8, 0xf5,
	0x81, 0x6e, 0x68, 0x3d, 0x4e, 0x73, 0x57, 0xf4, 0x61, 0x4f, 0xb5, 0x1f, 0x84, 0x68, 0xf6, 0x82,
	0x95, 0xc6, 0xa7, 0xb2, 0x38, 0x2e, 0x2c, 0xfe, 0x5d, 0x9d, 0x17, 0x5d, 0xac, 0xad, 0xdf, 0x76,
	0x3a, 0x1d, 0xa3, 0xb8, 0x50, 0xff, 0x10, 0x5a, 0x33, 0x6b, 0xae, 0xa5, 0xc3, 0xf8, 0xb6, 0x7b,
	0xec, 0x1e, 0x1e, 0xb9, 0xd5, 0xde, 0xb6, 0x76, 0x57, 0x46, 0x8d, 0x10, 0x9e, 0x52, 0xa3, 0xea,
	0x34, 0xa6, 0x2a, 0x1c, 0x54, 0x5c, 0x72, 0x2b, 0x16, 0xd3, 0xa7, 0x8f, 0x1f, 0x77, 0x8e, 0x77,
	0xc0, 0x02, 0xaa, 0xa3, 0xf5, 0xb7, 0xae, 0x8b, 0xed, 0x54, 0xfa, 0xa0, 0xf5, 0x9a, 0x75, 0x36,
	0x65, 0x16, 0xf5, 0x2d, 0x38, 0xad, 0x43, 0xb0, 0x12, 0x4c, 0xaf, 0x75, 0x48, 0x76, 0x03, 0x8c,
	0x31, 0x68, 0xb1, 0x5c, 0x8b, 0x09, 0xce, 0xbc, 0x5b, 0x3e, 0x25, 0x59, 0xd8, 0x83, 0x79, 0x35,
	0x10, 0x0b, 0x5f, 0x57, 0x67, 0x4c, 0x58, 0xb1, 0x4d, 0x45, 0x9e, 0x16, 0xad, 0xa9, 0x17, 0x0b,
	0x4b, 0xad, 0x2f, 0xac, 0x27, 0x53, 0x97, 0xa7, 0xe6, 0xd6, 0xf5, 0xd6, 0x92, 0xc6, 0xba, 0xd5,
	0x16, 0x05, 0xcd, 0xfa, 0xdc, 0x13, 0x4b, 0xf0, 0xd0, 0x15, 0x7b, 0x28, 0x5c, 0xb1, 0x36, 0xbd,
	0x78, 0xbf, 0x4a, 0xb3, 0x37, 0xec, 0xc0, 0x79, 0x9c, 0x30, 0x18, 0x85, 0x1b, 0x20, 0x57, 0xa2,
	0x69, 0x84, 0x87, 0xc7, 0x9d, 0x82, 0xda, 0x8f, 0xfe, 0xf0, 0x4a, 0x8b, 0x2b, 0xc3, 0xbc, 0x1d,
	0x5e, 0x95, 0x5c, 0x6d, 0x7a, 0xfc, 0xba, 0xd7, 0x1a, 0xd4, 0x19, 0x56, 0x3a, 0x63, 0x1b, 0x2e,
	0x42, 0x05, 0x9a, 0xc7, 0x71, 0xd9, 0x8d, 0x67, 0x86, 0xd2, 0xeb, 0x60, 0x2b, 0x49, 0x5e, 0xed,
	0x23, 0xd7, 0x7c, 0xd3, 0x92, 0x5c, 0x3b, 0x38, 0xa7, 0xa5, 0xc0, 0xdd, 0xe6, 0x9d, 0x2e, 0xc2,
	0x06, 0xca, 0xaf, 0xb5, 0x2a, 0x1b, 0x41, 0x9b, 0x82, 0xf9, 0xc3, 0x19, 0x3b, 0xe7, 0x33, 0x0e,
	0x46, 0xed, 0x84, 0xa3, 0x7f, 0x1b, 0xd6, 0x0a, 0x43, 0x3a, 0x47, 0x5e, 0x1b, 0x29, 0x13, 0xad,
	0x4d, 0x27, 0x90, 0xf0, 0x06, 0xdf, 0xeb, 0x25, 0x2a, 0x5d, 0x26, 0x55, 0xe4, 0x2a, 0xb8, 0x93,
	0x8e, 0x2b, 0x25, 0x62, 0x9d, 0x19, 0x58, 0xb2, 0xef, 0x8e, 0x73, 0x34, 0xc8, 0xc5, 0xb8, 0xd6,
	0xec, 0x90, 0xdc, 0x64, 0x20, 0x5f, 0x47, 0x5f, 0xfd, 0xf8, 0x6a, 0x7e, 0xf5, 0x82, 0x17, 0xac,
	0xec, 0x7b, 0xd5, 0x10, 0x63, 0xe9, 0x42, 0x77, 0x97, 0x22, 0x37, 0x55, 0xfa, 0x74, 0xab, 0xc3,
	0x57, 0xdb, 0xc3, 0x4a, 0xc7, 0x66, 0x58, 0xe9, 0x71, 0xe6, 0xf8, 0xdc, 0x89, 0x8c, 0x47, 0x25,
	0x6c, 0xa7, 0xeb, 0x4a, 0xec, 0xb6, 0x2f, 0xa9, 0x05, 0xb5, 0x19, 0x8a, 0x16, 0x20, 0x4b, 0x97,
	0x1c, 0x36, 0xb1, 0xcd, 0x2b, 0x87, 0xb5, 0xd0, 0xfa, 0xd8, 0x35, 0xcf, 0x40, 0x27, 0x13, 0xe6,
	0xa2, 0x98, 0xbe, 0x35, 0xea, 0x41, 0x75, 0x68, 0x1d, 0x1b, 0x5a, 0xf2, 0x74, 0x11, 0x4e, 0xbf,
	0xa4, 0x29, 0x21, 0x65, 0x8a, 0xd4, 0x2f, 0x24, 0x3d, 0xa8, 0x66, 0xa6, 0x3c, 0x99, 0x54, 0x47,
	0xe6, 0xf0, 0x2b, 0xbf, 0x75, 0x97, 0xd1, 0x03, 0x13, 0x2b, 0xb4, 0x36, 0xab, 0xf9, 0x44, 0x13,
	0xbf, 0xa4, 0x43, 0xdf, 0xc0, 0x50, 0xb5, 0xc7, 0x31, 0x77, 0xaf, 0xfa, 0xf4, 0x2f, 0x6a, 0x09,
	0xa6, 0xa3, 0xe2, 0xa7, 0x52, 0xb0, 0xcb, 0xfb, 0x05, 0x16, 0xa0, 0x34, 0x0e, 0xb7, 0xfb, 0x30,
	0xc5, 0xd4, 0x27, 0x6b, 0x4b, 0x65, 0xdf, 0x38, 0xc7, 0x83, 0xa2, 0x00, 0x39, 0x28, 0xaa, 0x77,
	0x5f, 0x6b, 0x56, 0xde, 0x0b, 0x64, 0x71, 0x71, 0x8d, 0x43, 0xbf, 0x56, 0xb3, 0x2c, 0x44, 0xb2,
	0x0a, 0xe8, 0xc9, 0xd9, 0x0b, 0x70, 0x0c, 0x15, 0xf0, 0xa8, 0xb8, 0x74, 0xd6, 0xa3, 0x55, 0xdd,
	0x99, 0xb2, 0x2b, 0xe6, 0x77, 0x69, 0x8f, 0xbd, 0x6a, 0xed, 0x31, 0x47, 0xbd, 0x3e, 0xe2, 0xbe,
	0x79, 0xf5, 0x92, 0xd5, 0x1d, 0x3f, 0x74, 0xb1, 0xe7, 0x5a, 0xa2, 0xc3, 0x40, 0xe2, 0xd5, 0xe6,
	0xd7, 0x50, 0x36, 0xc9, 0x1c, 0x9d, 0x50, 0x01, 0x34, 0xb5, 0x95, 0x9f, 0xae, 0xbf, 0x76, 0xd4,
	0xb2, 0x22, 0x5e, 0xd9, 0x55, 0xc1, 0xe5, 0x45, 0x96, 0xcb, 0xa3, 0x8b, 0x63, 0x23, 0xe1, 0xa2,
	0x84, 0xa0, 0x73, 0xed, 0x25, 0x1e, 0x2e, 0x15, 0x86, 0x49, 0x6a, 0x14, 0x61, 0x51, 0x6c, 0x78,
	0x33, 0x1f, 0xf7, 0xaa, 0xbd, 0xab, 0x26, 0x93, 0xf7, 0x0c, 0xe1, 0x02, 0x20, 0xda, 0x4a, 0xbc,
	0x00, 0x60, 0x30, 0xf1, 0xda, 0x28, 0x85, 0xeb, 0xa2, 0x8c, 0x15, 0xfe, 0xd8, 0xaa, 0x35, 0xb7,
	0x14, 0x8d, 0x34, 0x80, 0x4b, 0xa7, 0x84, 0x16, 0x76, 0x47, 0x07, 0x5c, 0xb1, 0x90, 0x69, 0xd6,
	0x1c, 0x29, 0x96, 0x56, 0x13, 0xc7, 0x85, 0x5e, 0xff, 0xb1, 0x21, 0xa4, 0xe3, 0x9a, 0x10, 0x92,
	0x6c, 0xfd, 0xa1, 0x11, 0x24, 0x6d, 0x7d, 0xfa, 0x4a, 0x21, 0x24, 0x03, 0x91, 0x1d, 0x23, 0x48,
	0x46, 0x1d, 0xb6, 0x38, 0x5a, 0x6f, 0x33, 0xfb, 0x2a, 0x13, 0xd4, 0x28, 0x74, 0xa4, 0x3b, 0x0a,
	0x0b, 0x70, 0x1d, 0x5a, 0x3e, 0x4a, 0x31, 0xd2, 0x3a, 0xb9, 0x4f, 0x64, 0x17, 0x56, 0x44, 0xa6,
	0xb2, 0x49, 0x80, 0x3b, 0xc7, 0xa4, 0x8e, 0x7b, 0xdb, 0x82, 0x52, 0x26, 0xd7, 0xe8, 0xc1, 0xa5,
	0x42, 0x5b, 0x9b, 0x42, 0x53, 0x5b, 0x81, 0x54, 0x06, 0xa8, 0xf4, 0x6f, 0x3b, 0x28, 0x27, 0x26,
	0xd7, 0x0b, 0x46, 0x2c, 0x5b, 0x53, 0x66, 0x2a, 0x86, 0x8c, 0x39, 0x53, 0x5b, 0x91, 0x0b, 0x6a,
	0x37, 0x06, 0x7c, 0xa2, 0x6c, 0x02, 0x1d, 0x2a, 0x1f, 0xfa, 0x17, 0x78, 0xe6, 0x6b, 0xfc, 0xee,
	0x0f, 0x5b, 0xf7, 0x0f, 0x36, 0x46, 0x7e, 0x2a, 0x5c, 0x82, 0x1b, 0xb3, 0x87, 0x8c, 0x4e, 0x7e,
	0xd1, 0xf2, 0x31, 0xa8, 0xf1, 0x79, 0x51, 0xb2, 0x32, 0x3a, 0xa5, 0xa0, 0x09, 0x7e, 0x1b, 0xb9,
	0x60, 0xce, 0x4e, 0xff, 0xcb, 0x16, 0x8b, 0x0d, 0x69, 0x44, 0x3a, 0x3e, 0xc5, 0x79, 0xbb, 0xc5,
	0x8a, 0xa1, 0x6c, 0xc3, 0xca, 0xd9, 0x5d, 0x00, 0x8b, 0x0f, 0x22, 0xa2, 0x16, 0x87, 0x37, 0xbb,
	0xa5, 0x8b, 0x1e, 0x57, 0x64, 0x78, 0x54, 0xe7, 0xa3, 0x54, 0x37, 0x54, 0x8a, 0x10, 0x56, 0x2f,
	0x62, 0x52, 0x52, 0x40, 0x23, 0x59, 0xa2, 0x56, 0xc9, 0x13, 0xbe, 0x1b, 0x53, 0xd6, 0x62, 0x22,
	0x16, 0xa5, 0xaf, 0x1b, 0xb9, 0x3a, 0xda, 0x39, 0x72, 0x25, 0xba, 0xf5, 0xa4, 0x53, 0x9c, 0x5c,
	0x55, 0x41, 0xac, 0x0d, 0x31, 0xa3, 0x4d, 0x7d, 0xdb, 0x10, 0x0b, 0xb2, 0x77, 0xab, 0x57, 0x8a,
	0x39, 0xd5, 0xc5, 0x90, 0xb6, 0x20, 0xf2, 0xc0, 0xc0, 0xd9, 0x26, 0x58, 0xc5, 0xa0, 0xf5, 0xc3,
	0xe3, 0xd5, 0xbd, 0xaa, 0x16, 0x60, 0x16, 0xc6, 0xde, 0x6d, 0x1b, 0x43, 0xfe, 0xeb, 0x42, 0x6c,
	0x46, 0xe4, 0x02, 0x00, 0x5f, 0x1f, 0xe5, 0x2a, 0x03, 0x0a, 0xf3, 0x03, 0x4a, 0xb7, 0xd9, 0x00,
	0x48, 0xaa, 0x3d, 0x62, 0xa4, 0x8f, 0xb1, 0x76, 0x29, 0xe5, 0xa7, 0x02, 0xc0, 0x96, 0xb4, 0x2f,
	0xdd, 0x35, 0xfc, 0x44, 0x33, 0x56, 0xc4, 0x9b, 0xe3, 0xdd, 0xac, 0x61, 0xd1, 0xec, 0x97, 0x04,
	0xa7, 0x0e, 0x8f, 0x0b, 0x81, 0x8f, 0x42, 0x72, 0x76, 0x0e, 0x57, 0xf6, 0x7e, 0x63, 0xdc, 0x29,
	0x2b, 0xdc, 0x4e, 0x00, 0x47, 0xdd, 0xe3, 0x98, 0x05, 0x60, 0x0a, 0xeb, 0x05, 0x05, 0x25, 0x2a,
	0x3d, 0xeb, 0x95, 0x32, 0xf8, 0xa0, 0x10, 0xe8, 0x25, 0xcd, 0xa0, 0xd4, 0x6c, 0x55, 0x60, 0xa8,
	0x8c, 0x89, 0x52, 0xa8, 0x8f, 0xb2, 0x28, 0x10, 0xfd, 0xcc, 0x22, 0x43, 0x52, 0x1a, 0x1e, 0x56,
	0x2d, 0xba, 0xb9, 0x48, 0xdb, 0x18, 0x15, 0x2a, 0xa0, 0x57, 0x0c, 0x90, 0x94, 0xc8, 0x55, 0x17,
	0xc6, 0x79, 0x08, 0x90, 0xcd, 0x91, 0x96, 0xee, 0x71, 0x45, 0xa4, 0xc5, 0xcc, 0xfa, 0x9a, 0x80,
	0x3d, 0xeb, 0x8f, 0xcd, 0x3d, 0x25, 0xb9, 0x08, 0x49, 0xd4, 0x67, 0x35, 0x0f, 0x72, 0xfe, 0x11,
	0x56, 0x71, 0x45, 0xd1, 0xba, 0x20, 0x95, 0x48, 0x5c, 0xa8, 0xac, 0xb0, 0x58, 0x2d, 0xc7, 0x9b,
	0x3c, 0xdf, 0xe5, 0x24, 0x8f, 0x4d, 0x90, 0xea, 0x74, 0x6b, 0x2d, 0x45, 0x53, 0xa3, 0xc0, 0x5b,
	0x61, 0x8d, 0x9a, 0xd9, 0x6e, 0x11, 0xc9, 0xdc, 0xf5, 0x86, 0xa9, 0x44, 0xdc, 0xa3, 0x33, 0x95,
	0x5c, 0x75, 0x0e, 0x36, 0x6b, 0x17, 0x30, 0xad, 0xdb, 0x1b, 0x32, 0xa4, 0x35, 0xc6, 0xca, 0x95,
	0x0b, 0xc4, 0x06, 0xd4, 0xca, 0x84, 0x21, 0x12, 0x30, 0x52, 0xd5, 0xdb, 0x0a, 0xb0, 0x14, 0x3a,
	0x6c, 0x4b, 0xea, 0xf0, 0xe1, 0xb1, 0x50, 0x87, 0x51, 0x11, 0x93, 0xa6, 0x77, 0x1b, 0x09, 0x04,
	0x1d, 0xdb, 0xaa, 0x34, 0x14, 0xb3, 0x8e, 0x0b, 0x56, 0xd2, 0x61, 0xfd, 0xe2, 0x9f, 0xa9, 0x1b,
	0xd0, 0xec, 0xb3, 0x7d, 0xb5, 0xb5, 0xef, 0xd9, 0xbe, 0xda, 0x69, 0x88, 0xca, 0x35, 0xfe, 0xfd,
	0xa6, 0xdd, 0x2e, 0x6c, 0x6e, 0x6a, 0xb7, 0xf1, 0xfd, 0xd4, 0xbb, 0x66, 0x13, 0xdf, 0x4d, 0x92,
	0x61, 0x03, 0x13, 0x1b, 0x71, 0xf7, 0x20, 0x63, 0xc5, 0xb7, 0x62, 0x6b, 0x4e, 0x43, 0x6d, 0x28,
	0x7c, 0x86, 0x7b, 0x74, 0x4e, 0xe4, 0xb6, 0x42, 0xfa, 0xfd, 0x6c, 0x1f, 0x6a, 0x54, 0x57, 0x4d,
	0x78, 0xd4, 0xd8, 0xf4, 0x1d, 0xe9, 0xd0, 0x60, 0xde, 0x54, 0x3e, 0x02, 0xc1, 0x12, 0x18, 0x8c,
	0xc6, 0xc9, 0xf5, 0xb3, 0xf1, 0x49, 0xfb, 0xd9, 0xfe, 0xf8, 0x01, 0x75, 0x91, 0x13, 0x79, 0x30,
	0x85, 0xe6, 0xb6, 0x57, 0xdd, 0x09, 0xad, 0x93, 0xd2, 0x6b, 0xdc, 0x76, 0xa2, 0x36, 0xb4, 0xa8,
	0xfa, 0x6f, 0x3e, 0x5c, 0xb0, 0x67, 0xe3, 0x1c, 0x0d, 0xfa, 0xb4, 0x0b, 0xea, 0x2c, 0x4b, 0x20,
	0x6d, 0xb0, 0x30, 0xa0, 0x87, 0x61, 0x23, 0xa1, 0xc4, 0x88, 0x4b, 0x77, 0xdc, 0xb4, 0xe2, 0x2c,
	0x7d, 0xdd, 0x6a, 0x35, 0x18, 0x8d, 0xc1, 0xb0, 0xf1, 0x3e, 0xe2, 0x81, 0x9e, 0xd8, 0x9e, 0xba,
	0xe3, 0xc6, 0xc9, 0xf9, 0xeb, 0x53, 0x56, 0x89, 0x6b, 0x38, 0x9b, 0x69, 0x04, 0x02, 0x80, 0x0a,
	0xe9, 0x0d, 0xa8, 0x91, 0xc9, 0x29, 0x18, 0x01, 0xbe, 0x0a, 0x95, 0xc6, 0x28, 0x30, 0x4e, 0x03,
	0x0d, 0x61, 0x58, 0x97, 0xc3, 0x38, 0x3d, 0x0d, 0x61, 0xb6, 0xcc, 0x9b, 0xad, 0xc6, 0xc9, 0x6b,
	0x7a, 0x66, 0xff, 0x71, 0xf1, 0xfe, 0x47, 0xa0, 0x01, 0xd5, 0x16, 0xed, 0xc8, 0x16, 0xb3, 0xbf,
	0xc4, 0x92, 0xb8, 0x27, 0xa4, 0xcc, 0x89, 0xf0, 0xb6, 0x82, 0x13, 0xdd, 0x31, 0x13, 0xdb, 0x0c,
	0xaa, 0xc9, 0x95, 0xc8, 0xcc, 0x5a, 0x20, 0xd6, 0x89, 0xca, 0xb2, 0xad, 0xe9, 0x26, 0xd0, 0xac,
	0x12, 0x84, 0x1b, 0x79, 0x58, 0xdb, 0x08, 0xad, 0x3c, 0x10, 0x84, 0xf7, 0x0b, 0x42, 0x38, 0xc3,
	0x4c, 0x1e, 0xf6, 0xd3, 0x0a, 0xe6, 0x7a, 0x7a, 0xf7, 0x40, 0x08, 0xc6, 0xb0, 0x9f, 0xe4, 0x43,
	0x5d, 0x4d, 0x40, 0x8a, 0x4f, 0x9e, 0xaa, 0x68, 0x64, 0x05, 0x2d, 0xcd, 0x70, 0xa5, 0xe4, 0x06,
	0x7c, 0x99, 0xe4, 0x13, 0x40, 0x8d, 0x45, 0x3f, 0x4f, 0x4f, 0xae, 0x1a, 0x14, 0x25, 0x9f, 0xb2,
	0x61, 0x20, 0x58, 0xf0, 0x5e, 0x91, 0xbe, 0x3c, 0x68, 0x05, 0x49, 0x28, 0xaa, 0xa8, 0xe2, 0x6d,
	0xf9, 0xd5, 0x9c, 0x68, 0x72, 0x55, 0x50, 0xd8, 0x65, 0x2b, 0xc7, 0x84, 0x58, 0x6c, 0x15, 0x93,
	0xb4, 0x76, 0x1c, 0xa7, 0x40, 0x56, 0x03, 0x30, 0x0a, 0xe6, 0x06, 0x23, 0x71, 0x38, 0x6c, 0xe8,
	0x7e, 0x87, 0xba, 0x49, 0x2f, 0x15, 0xca, 0x02, 0x7e, 0xd9, 0xdb, 0x4a, 0x48, 0x95, 0x33, 0x04,
	0x26, 0x07, 0xcb, 0xc2, 0xef, 0x02, 0x9c, 0xf6, 0xa8, 0xa2, 0xdf, 0xf9, 0xc0, 0xd3, 0x87, 0x53,
	0x52, 0xd7, 0x13, 0x9c, 0x3e, 0x2f, 0xf0, 0x99, 0xc9, 0x17, 0xc6, 0x04, 0xaa, 0x6d, 0x4a, 0x6a,
	0xf4, 0x3a, 0x37, 0xb9, 0xd7, 0xfc, 0x45, 0x30, 0x3d, 0x17, 0x1f, 0x10, 0xec, 0x05, 0xbc, 0x61,
	0xdf, 0xb9, 0xcb, 0x68, 0xc0, 0xe4, 0xdb, 0xdd, 0x60, 0xcb, 0xa8, 0xb9, 0x06, 0x5b, 0xbe, 0xd1,
	0x50, 0x7e, 0x25, 0xde, 0x7c, 0x29, 0x40, 0x44, 0x1f, 0x54, 0xab, 0x57, 0x7c, 0xe6, 0xae, 0xfc,
	0x14, 0x21, 0x2a, 0x72, 0xd7, 0x58, 0x98, 0x1b, 0xfc, 0x17, 0x38, 0x5f, 0x08, 0x1a, 0x53, 0xe0,
	0x8a, 0x58, 0xe1, 0x7a, 0xa5, 0xe0, 0x97, 0x36, 0xfa, 0xed, 0x66, 0x71, 0x8b, 0x51, 0x15, 0x26,
	0x16, 0x4c, 0x89, 0x55, 0x90, 0x22, 0x57, 0xd1, 0x42, 0xb8, 0x49, 0xd0, 0xf5, 0x0b, 0x21, 0xdb,
	0x4d, 0x33, 0x2c, 0x9f, 0x5a, 0x20, 0x92, 0x1a, 0x85, 0x72, 0x59, 0xdc, 0x56, 0x9c, 0x29, 0x70,
	0x78, 0x72, 0xaa, 0xcf, 0x0c, 0x58, 0xfb, 0x0f, 0xe9, 0x0c, 0x00, 0x8a, 0xd8, 0x69, 0x55, 0xe8,
	0x05, 0x60, 0x9a, 0x92, 0x6e, 0xf0, 0x2c, 0x8d, 0xf1, 0xe7, 0xc9, 0x3b, 0x8a, 0x9c, 0x3d, 0xdb,
	0x87, 0x9f, 0xf8, 0xf8, 0x3a, 0x98, 0x92, 0x15, 0x91, 0xbd, 0x78, 0xc5, 0x41, 0xed, 0xf3, 0x22,
	0x01, 0x59, 0xbe, 0x03, 0x1a, 0x47, 0x30, 0x2d, 0x38, 0x7b, 0x2d, 0x22, 0x5e, 0xe2, 0xc3, 0x3e,
	0x42, 0xdc, 0x57, 0xd0, 0x95, 0xe2, 0x41, 0xcd, 0x4c, 0x75, 0x3c, 0x44, 0xac, 0xae, 0x71, 0xf2,
	0xfd, 0xeb, 0x4b, 0x28, 0x3e, 0x2d, 0x7e, 0xc6, 0x98, 0x61, 0xe3, 0x64, 0x1f, 0x7e, 0xee, 0x5f,
	0x77, 0xf7, 0xa5, 0x3e, 0x50, 0x55, 0x10, 0xbd, 0xa9, 0x34, 0x5f, 0x98, 0x2c, 0x64, 0x33, 0xa9,
	0x01, 0x30, 0x4c, 0xf7, 0xb4, 0x89, 0xdc, 0x14, 0x4a, 0x82, 0x69, 0xcc, 0x36, 0x00, 0x92, 0x71,
	0xbb, 0xc6, 0xc9, 0xba, 0x11, 0x5e, 0x35, 0x40, 0xb1, 0x5f, 0x71, 0x9b, 0x12, 0x32, 0x1b, 0xfd,
	0x35, 0xce, 0xcf, 0x91, 0x52, 0x4a, 0xfa, 0x8d, 0x8e, 0x73, 0xe8, 0x1c, 0x35, 0xec, 0x86, 0x52,
	0x35, 0xfa, 0x0d, 0x9c, 0x4b, 0xc7, 0xbc, 0x71, 0x7f, 0x2f, 0x20, 0x23, 0x11, 0x7e, 0x7f, 0xaf,
	0x85, 0xa8, 0xab, 0xef, 0xf4, 0x9b, 0x95, 0xef, 0x9b, 0xf2, 0x90, 0xb9, 0x89, 0x5c, 0x72, 0x1f,
	0xd8, 0x3f, 0x01, 0x05, 0x7e, 0x81, 0x44, 0xbd, 0xff, 0xca, 0xbd, 0x70, 0x23, 0x77, 0xec, 0xc1,
	0x0a, 0xe8, 0xa1, 0x24, 0xab, 0xed, 0x0b, 0x6d, 0x35, 0xc0, 0x1d, 0x5f, 0x88, 0x12, 0x83, 0x75,
	0x70, 0xc1, 0x96, 0xab, 0x54, 0xd4, 0xbc, 0x43, 0x2d, 0x3c, 0x7c, 0x70, 0xa7, 0xc8, 0x15, 0x92,
	0xe0, 0xaf, 0x6b, 0xb0, 0xde, 0xc2, 0x8e, 0x83, 0x3a, 0x19, 0x3c, 0xe5, 0x70, 0x61, 0xe4, 0x50,
	0x8f, 0x83, 0x71, 0xfb, 0xba, 0x7d, 0x5e, 0x86, 0xd3, 0x4d, 0x9d, 0xbd, 0xe0, 0x01, 0x18, 0xea,
	0x0c, 0x4b, 0x31, 0x4e, 0xbb, 0xb5, 0xc4, 0xe8, 0x51, 0xaf, 0x41, 0x10, 0xa2, 0x11, 0x4d, 0x9c,
	0x0c, 0x4a, 0xa5, 0xcd, 0x5c, 0x60, 0x65, 0xb1, 0xd4, 0x32, 0x30, 0x05, 0x08, 0xf6, 0x83, 0x49,
	0x21, 0x5c, 0xc4, 0x7c, 0x3a, 0x02, 0x08, 0x8d, 0x7e, 0xc7, 0xce, 0x5f, 0x20, 0xb8, 0x46, 0xff,
	0xc0, 0x6e, 0xc0, 0x17, 0xa0, 0xce, 0xa7, 0x75, 0x43, 0x15, 0xa1, 0x4e, 0xd0, 0x1b, 0xca, 0x5b,
	0xa2, 0x77, 0x64, 0x8e, 0x41, 0xf1, 0xde, 0x31, 0x3c, 0x08, 0x83, 0xac, 0x01, 0x16, 0xd9, 0x11,
	0x16, 0x77, 0x6f, 0x47, 0x44, 0xe0, 0xa7, 0xf0, 0x40, 0xfd, 0xec, 0x37, 0x80, 0x9b, 0x1a, 0xf7,
	0x9f, 0xe1, 0xbf, 0x5f, 0x95, 0xba, 0x73, 0x9e, 0x3e, 0x7f, 0xe6, 0x9d, 0x80, 0x35, 0xf6, 0x6c,
	0xdf, 0x3b, 0xa9, 0x27, 0xf3, 0xf7, 0x1c, 0x74, 0x14, 0x96, 0xc0, 0x1a, 0x8e, 0x22, 0x90, 0x38,
	0x9c, 0x11, 0x4f, 0xc0, 0x0a, 0xe2, 0xaf, 0xf8, 0x97, 0xf1, 0x13, 0xf4, 0x4a, 0xe3, 0x26, 0xbb,
	0x41, 0xa0, 0x1a, 0xfd, 0xe3, 0xce, 0xd7, 0xed, 0x63, 0x92, 0xf5, 0x71, 0x28, 0x91, 0xdd, 0xd4,
	0x53, 0xd0, 0xd7, 0x8c, 0x0e, 0x3a, 0xec, 0x2d, 0xb2, 0x8b, 0x98, 0x00, 0x8c, 0x94, 0x0b, 0xe6,
	0x2d, 0x97, 0x7c, 0xea, 0x81, 0x8d, 0xea, 0xdf, 0x0d, 0x98, 0x54, 0x16, 0x54, 0x09, 0xcc, 0x5e,
	0x8d, 0x39, 0xda, 0xb9, 0x23, 0x30, 0x2c, 0x50, 0xcf, 0xfa, 0xbd, 0xc4, 0x19, 0x7b, 0x20, 0x70,
	0x53, 0x9e, 0x13, 0xe8, 0x08, 0x13, 0x02, 0xbf, 0x2a, 0x89, 0x62, 0xa5, 0xc1, 0xd4, 0x51, 0xe5,
	0x9c, 0xa3, 0x66, 0x99, 0x11, 0x26, 0x0e, 0x97, 0xa8, 0x79, 0x5d, 0xd1, 0x84, 0x12, 0xbd, 0x65,
	0xb0, 0x4e, 0xb1, 0x19, 0x8a, 0x51, 0x58, 0x8b, 0x43, 0x8c, 0xce, 0x45, 0x5e, 0x44, 0xbb, 0x5b,
	0x1f, 0xdc, 0x7f, 0x01, 0x50, 0xbc, 0x2d, 0xf4, 0x73, 0x5f, 0x2c, 0x83, 0xf0, 0x17, 0xd7, 0x5e,
	0x5d, 0x27, 0xd8, 0xb4, 0x9c, 0xbf, 0x96, 0x18, 0x9d, 0x8a, 0x34, 0x88, 0xff, 0x5e, 0x0b, 0x3a,
	0xcc, 0x9d, 0xad, 0xcb, 0x9b, 0xd2, 0x67, 0x40, 0x4f, 0x46, 0xe3, 0x9a, 0xf8, 0x48, 0x8c, 0x62,
	0x92, 0xd9, 0x75, 0x0f, 0x65, 0x52, 0x94, 0x4f, 0x5f, 0x7b, 0xaa, 0x62, 0x5f, 0x70, 0x15, 0xd9,
	0xa0, 0x9d, 0x4c, 0x52, 0xb0, 0x01, 0xc9, 0x65, 0x90, 0x31, 0x1a, 0x76, 0xa9, 0xb9, 0x74, 0xef,
	0x80, 0x25, 0x67, 0xa0, 0x0b, 0x8a, 0x8e, 0x09, 0x92, 0xb4, 0xbe, 0xac, 0x5f, 0xbd, 0xa7, 0x5f,
	0xa9, 0x5f, 0x31, 0xff, 0x65, 0x05, 0x73, 0x6b, 0xdf, 0x9b, 0xc6, 0x1b, 0x16, 0xec, 0x30, 0x06,
	0xed, 0x15, 0xb4, 0xe8, 0x4c, 0xae, 0xb0, 0xb3, 0x57, 0xe7, 0x4c, 0xb9, 0xc8, 0x1e, 0xdc, 0x05,
	0x68, 0xec, 0x2b, 0x4e, 0x9e, 0xb3, 0x8b, 0x0f, 0xd2, 0xce, 0x29, 0xd8, 0xe0, 0xff, 0x9d, 0x26,
	0x91, 0xbb, 0x89, 0xe5, 0xc0, 0x90, 0xc1, 0x60, 0x49, 0x98, 0xc0, 0x04, 0x02, 0x1e, 0x73, 0xe7,
	0x41, 0x88, 0x29, 0xf7, 0x49, 0x9f, 0x25, 0x8b, 0x15, 0xe6, 0x0e, 0xda, 0x6c, 0xee, 0x7a, 0xa0,
	0x63, 0xf8, 0xb4, 0x67, 0x87, 0x66, 0x97, 0x0d, 0x26, 0x11, 0x0c, 0xe4, 0x83, 0xc7, 0x4e, 0xb5,
	0x33, 0x5a, 0x01, 0x1b, 0x3e, 0x39, 0x3c, 0x3c, 0x44, 0xfd, 0x02, 0x55, 0x9c, 0x11, 0x36, 0x01,
	0x0a, 0x42, 0xe7, 0xe0, 0xc8, 0x26, 0xcd, 0xf2, 0x6b, 0xce, 0x3b, 0xf7, 0x66, 0xbc, 0xb9, 0xff,
	0x4c, 0x24, 0xf3, 0x8c, 0x5d, 0x9f, 0x82, 0x6f, 0x4c, 0xec, 0x59, 0xc3, 0x5d, 0xaa, 0xa8, 0x70,
	0x01, 0xbe, 0x36, 0x3b, 0xff, 0xfe, 0x25, 0x91, 0x21, 0xa1, 0xae, 0x0b, 0xa5, 0xf0, 0x0b, 0x94,
	0x67, 0x80, 0x3b, 0x42, 0xb8, 0x30, 0x09, 0x7b, 0x1d, 0x50, 0x7f, 0x54, 0xc7, 0x41, 0x4f, 0xfa,
	0xfa, 0xfd, 0xf6, 0x7e, 0xa9, 0xef, 0xf6, 0x4f, 0x2b, 0x1e, 0xdf, 0x31, 0x4c, 0x0f, 0xc0, 0x19,
	0x70, 0xf6, 0x13, 0xa3, 0x4c, 0x00, 0x0e, 0xc3, 0x9d, 0x08, 0xed, 0x72, 0xb2, 0x8a, 0x71, 0xff,
	0xab, 0x18, 0xef, 0x87, 0x0a, 0x50, 0x52, 0x0e, 0x01, 0x1e, 0xa9, 0xcd, 0xc0, 0x35, 0x01, 0x4f,
	0x34, 0x15, 0xa8, 0xd7, 0x01, 0x45, 0xef, 0xeb, 0x76, 0x54, 0xa9, 0x41, 0xd4, 0xea, 0xae, 0x8a,
	0x50, 0xa6, 0xf2, 0xe9, 0xdd, 0x77, 0xd8, 0xab, 0x30, 0x6d, 0x07, 0xe8, 0xa4, 0x47, 0x4d, 0x7b,
	0x06, 0x8c, 0x90, 0xac, 0xc6, 0x6d, 0xa9, 0xff, 0x34, 0xb9, 0x33, 0x77, 0x04, 0x7f, 0x90, 0x47,
	0xdf, 0xb9, 0x1b, 0x85, 0xb3, 0x24, 0x1d, 0x1e, 0x74, 0x3a, 0x0f, 0x17, 0xc6, 0x8a, 0x44, 0xc2,
	0xe8, 0x4c, 0xd2, 0x2f, 0x52, 0x12, 0x3f, 0xbc, 0xbf, 0xd8, 0x8d, 0x42, 0xe2, 0xf8, 0xbe, 0x7a,
	0x8a, 0xbc, 0x74, 0xd3, 0xc9, 0xa2, 0x2d, 0x0f, 0xf9, 0x33, 0x19, 0x82, 0x96, 0x1c, 0x34, 0x17,
	0x59, 0x33, 0x5c, 0xa5, 0xd1, 0x0a, 0x1d, 0xc5, 0x2c, 0x07, 0xdd, 0x72, 0xd8, 0x05, 0x9a, 0xb5,
	0xaf, 0x59, 0x18, 0xf8, 0x0f, 0x9f, 0x15, 0xa2, 0x49, 0x3e, 0xad, 0x94, 0xea, 0x5f, 0xca, 0x19,
	0x18, 0xb8, 0x00, 0x21, 0xb6, 0xef, 0x25, 0xd1, 0x06, 0xbd, 0xcf, 0xbd, 0x21, 0xf6, 0x97, 0x85,
	0xd1, 0x28, 0xfe, 0x00, 0x5d, 0x85, 0x06, 0xf8, 0x2a, 0x69, 0x93, 0xd7, 0x87, 0x45, 0x3e, 0x4c,
	0x50, 0x86, 0xce, 0x9c, 0x8d, 0x1d, 0xc3, 0xe8, 0xc6, 0x48, 0x13, 0x6f, 0x0c, 0xa5, 0xdb, 0xbf,
	0xf6, 0xf6, 0xe8, 0x3d, 0xce, 0x71, 0x86, 0xb2, 0xed, 0x2b, 0x2c, 0x58, 0x99, 0x83, 0xf7, 0xbf,
	0xd7, 0x12, 0x25, 0xbc, 0xd8, 0xfb, 0x5b, 0x14, 0xf5, 0x0b, 0xb2, 0x45, 0x32, 0x8f, 0xb7, 0xc3,
	0xde, 0x13, 0xc2, 0xa0, 0x32, 0x3d, 0x43, 0x65, 0xe9, 0xe4, 0xf9, 0xd4, 0x8b, 0x87, 0xfb, 0x08,
	0xf9, 0xd9, 0x3e, 0xbd, 0xa0, 0xf9, 0x2b, 0x79, 0x56, 0x6c, 0x9c, 0x09, 0xe3, 0x87, 0x73, 0xa8,
	0xf0, 0xeb, 0x4a, 0xef, 0x0d, 0x4e, 0x53, 0x00, 0x05, 0x4f, 0xfb, 0x29, 0x08, 0xf2, 0xaf, 0x6d,
	0xaa, 0x48, 0x32, 0x84, 0xd1, 0x26, 0x2a, 0x84, 0x51, 0x26, 0x9f, 0xe3, 0x9c, 0x1f, 0xbe, 0xbc,
	0x57, 0xe1, 0x1f, 0xd6, 0x0f, 0x58, 0x3e, 0x93, 0x4d, 0x86, 0x97, 0x44, 0x5e, 0xe8, 0x13, 0x36,
	0x1b, 0xdf, 0xa5, 0x1c, 0x16, 0xa0, 0xd8, 0x03, 0xc5, 0x03, 0x54, 0x0e, 0xd2, 0x10, 0x19, 0xf9,
	0x4c, 0x61, 0xdd, 0xe5, 0xf3, 0x25, 0xe6, 0x21, 0x7f, 0x51, 0x47, 0xaf, 0x41, 0xaa, 0xce, 0x5c,
	0x3f, 0x81, 0xd7, 0x22, 0x32, 0x4b, 0x5e, 0x0a, 0x6a, 0x0e, 0x7e, 0xfd, 0x11, 0x9d, 0xaf, 0xb3,
	0x3b, 0x44, 0xcf, 0xdf, 0x7a, 0x49, 0x2a, 0x99, 0xd6, 0xc1, 0x2e, 0xd1, 0xaf, 0x7d, 0xf9, 0x62,
	0xc1, 0xaf, 0x27, 0x19, 0x03, 0x7b, 0x3e, 0x50, 0x04, 0xe4, 0x87, 0xf8, 0x26, 0x60, 0x3b, 0xc0,
	0x80, 0xaa, 0x00, 0xad, 0xd6, 0xe8, 0x84, 0xb6, 0xd9, 0x32, 0xf5, 0x96, 0x1c, 0xa9, 0xc6, 0xf9,
	0x7e, 0x0a, 0x2b, 0x98, 0x2f, 0xe8, 0xe9, 0xb0, 0x8f, 0x67, 0x64, 0x53, 0x10, 0x1c, 0xb4, 0x64,
	0xcd, 0x80, 0x20, 0x73, 0xc7, 0xe1, 0x35, 0x77, 0x1e, 0x4c, 0x57, 0x39, 0x0b, 0x96, 0x41, 0xba,
	0xbf, 0x5c, 0x4e, 0xc6, 0xfe, 0x55, 0x27, 0xea, 0xc2, 0xe4, 0x20, 0x8c, 0x41, 0x07, 0x00, 0x7d,
	0xe6, 0xf3, 0x1f, 0x45, 0xd8, 0xfd, 0x69, 0x78, 0x13, 0xa0, 0xd1, 0xfe, 0x1c, 0x5b, 0x1b, 0xc2,
	0xca, 0x1f, 0x90, 0x2d, 0xb1, 0x71, 0xc9, 0x4f, 0x63, 0xee, 0x2e, 0x61, 0xd5, 0xcf, 0xc0, 0xa0,
	0xc0, 0x07, 0xc3, 0xc4, 0x4d, 0x53, 0x77, 0xb2, 0x40, 0xde, 0x62, 0x0a, 0xec, 0x46, 0x5a, 0x34,
	0xb1, 0x4d, 0x86, 0x82, 0xaf, 0xf5, 0x47, 0xf5, 0x8e, 0xfb, 0xb0, 0xf2, 0x3e, 0xa0, 0x6f, 0xaf,
	0xa8, 0x82, 0xd1, 0x37, 0x5a, 0xb4, 0x6b, 0x98, 0xc6, 0xc1, 0xb8, 0xc2, 0x2a, 0xc1, 0xa9, 0xb6,
	0xe0, 0x01, 0xf1, 0x18, 0xf3, 0x12, 0xe9, 0x3c, 0xf4, 0xef, 0xd8, 0x98, 0x23, 0x04, 0x51, 0x8d,
	0x4f, 0x77, 0x64, 0x8c, 0xaf, 0x61, 0x8e, 0xbd, 0x02, 0xf3, 0xab, 0x2d, 0x06, 0xea, 0xbf, 0xd7,
	0xfa, 0x36, 0x85, 0x8e, 0x6d, 0x15, 0x87, 0xd8, 0x7b, 0x3c, 0xe7, 0x39, 0x08, 0xb8, 0xcf, 0x44,
	0x61, 0xd6, 0x3c, 0xea, 0x1c, 0x31, 0x6f, 0xc6, 0x40, 0x23, 0x95, 0xe3, 0xd3, 0xfa, 0x62, 0x01,
	0x28, 0xde, 0x2a, 0x8f, 0x1b, 0x79, 0xda, 0xec, 0x3f, 0xc6, 0xd5, 0x21, 0xba, 0x0b, 0x3a, 0xb9,
	0x6c, 0x0c, 0xb9, 0xf8, 0xc7, 0xed, 0x1a, 0xf9, 0x54, 0x27, 0x80, 0xac, 0x8a, 0x32, 0xeb, 0x6a,
	0x1c, 0x01, 0x25, 0xba, 0x6d, 0x3c, 0xc3, 0xe2, 0x4b, 0x34, 0x6d, 0xe5, 0x73, 0xfc, 0x2f, 0x70,
	0x36, 0x66, 0x3d, 0x9f, 0x87, 0xd1, 0x97, 0xf4, 0xfa, 0xfb, 0xf7, 0x1f, 0x18, 0xa5, 0xe5, 0x01,
	0x86, 0xd8, 0xf5, 0x04, 0x26, 0x61, 0x30, 0x4d, 0xbe, 0xb8, 0xcb, 0x80, 0x46, 0xde, 0xdd, 0xae,
	0xd3, 0xc9, 0xd7, 0xbf, 0x3f, 0x64, 0xcc, 0x77, 0x70, 0x05, 0xe9, 0xde, 0x1f, 0xb0, 0x18, 0x8c,
	0xee, 0xff, 0x17, 0x78, 0x83, 0x4a, 0x61, 0x56, 0xc3, 0xf1, 0xb3, 0x63, 0x98, 0xd5, 0xfb, 0xa5,
	0x9c, 0xbb, 0xa0, 0xb6, 0xcd, 0xa9, 0x48, 0xff, 0xe5, 0x82, 0x2c, 0x4b, 0x71, 0x5e, 0x35, 0x8b,
	0xe2, 0x10, 0x3d, 0xde, 0x89, 0x54, 0x43, 0x19, 0x46, 0xa0, 0x13, 0xdc, 0xd4, 0xcb, 0x9e, 0x8d,
	0x4f, 0x2e, 0xbc, 0xf9, 0xd2, 0x45, 0xe5, 0x16, 0xcd, 0x11, 0x4c, 0x05, 0x62, 0x74, 0xb6, 0x0b,
	0x56, 0xc2, 0x52, 0x28, 0x8c, 0x35, 0x73, 0xec, 0xda, 0x03, 0x39, 0x0f, 0x2a, 0x11, 0x2c, 0xf6,
	0x6c, 0xea, 0x87, 0x98, 0xe1, 0x03, 0xf6, 0x98, 0x10, 0xf5, 0xbe, 0x37, 0x5e, 0x7a, 0x23, 0xb0,
	0x7a, 0x9c, 0x24, 0xcc, 0x84, 0xfd, 0x87, 0xbc, 0xae, 0x1b, 0x03, 0xcd, 0xe3, 0xb9, 0x1b, 0x80,
	0xc2, 0x30, 0x05, 0xf5, 0x80, 0x4d, 0x60, 0x3e, 0xcc, 0x43, 0xf4, 0x05, 0x04, 0x40, 0x75, 0x58,
	0x0d, 0xc7, 0x9c, 0xfd, 0xb2, 0xe2, 0xb1, 0x07, 0x9f, 0xf1, 0xd5, 0x32, 0x9c, 0x7a, 0x33, 0x7c,
	0x20, 0xa7, 0x24, 0x2a, 0x1b, 0xa0, 0x4e, 0xab, 0xb0, 0x00, 0x22, 0x86, 0xfa, 0x84, 0x72, 0x86,
	0x3b, 0x2a, 0x13, 0x01, 0xd4, 0x8a, 0x2b, 0xce, 0xf8, 0x6c, 0x86, 0x5d, 0x0d, 0x85, 0xd2, 0x11,
	0x80, 0x0d, 0x25, 0x34, 0x3a, 0x47, 0x8f, 0x7b, 0xc3, 0xaf, 0xc5, 0xa1, 0x0a, 0xb1, 0x6f, 0x4c,
	0xc8, 0x37, 0x4e, 0x5e, 0xd3, 0xb3, 0xf2, 0x31, 0xa1, 0x4d, 0x4c, 0xa5, 0xac, 0xa7, 0x62, 0xf5,
	0xd0, 0x72, 0x3d, 0xb4, 0x94, 0x60, 0x91, 0xee, 0xa1, 0x32, 0x3b, 0x4a, 0x83, 0xa8, 0x36, 0x4f,
	0x35, 0x54, 0xbd, 0xc4, 0x43, 0xfe, 0x93, 0xb5, 0x44, 0x5a, 0x00, 0xe5, 0x7f, 0x32, 0xed, 0x30,
	0x27, 0x55, 0x56, 0x6c, 0xa8, 0xc0, 0x05, 0xbb, 0x81, 0xa6, 0xe3, 0x84, 0x2f, 0x42, 0x7f, 0xca,
	0xe3, 0x61, 0x23, 0xc3, 0x8c, 0x0e, 0xec, 0xcf, 0x1c, 0x09, 0xc2, 0xf2, 0x6f, 0xed, 0x08, 0x57,
	0x4c, 0x63, 0x13, 0xf0, 0xdf, 0xc8, 0xdd, 0xdd, 0x04, 0x3b, 0xa7, 0x6b, 0x1f, 0xd8, 0x87, 0x64,
	0xf1, 0xb8, 0x71, 0xec, 0xde, 0x25, 0x19, 0xd4, 0x8d, 0x29, 0x27, 0x79, 0x16, 0x08, 0x4f, 0xcf,
	0x7e, 0x22, 0x34, 0x9b, 0x22, 0x25, 0x2a, 0xcf, 0x85, 0xc8, 0x46, 0x0b, 0x7e, 0x44, 0x15, 0x63,
	0xb5, 0xc3, 0xce, 0x24, 0xfd, 0x4c, 0xc1, 0xc6, 0xc9, 0x29, 0x36, 0x09, 0xea, 0x4a, 0xc6, 0xd5,
	0xc0, 0x76, 0x7e, 0x78, 0x83, 0xd3, 0x81, 0xf8, 0xd9, 0x4b, 0x13, 0xc6, 0xa7, 0x1e, 0x58, 0x6b,
	0x0e, 0x7b, 0xb7, 0xf2, 0x53, 0x4f, 0x38, 0x60, 0x44, 0x79, 0xf8, 0x44, 0x23, 0x29, 0x54, 0x5f,
	0xf4, 0x61, 0xe5, 0x1e, 0x1a, 0xd0, 0x62, 0xa3, 0xdf, 0xcd, 0x54, 0x62, 0x9b, 0x59, 0xc6, 0x58,
	0xf9, 0xd0, 0x9d, 0x8a, 0xc9, 0x42, 0x01, 0x6a, 0xd2, 0x4e, 0xea, 0xe8, 0xd1, 0xdb, 0x99, 0x1e,
	0xc7, 0x35, 0xf4, 0x00, 0x4a, 0x88, 0xd0, 0x2b, 0xd0, 0x82, 0xc6, 0x14, 0xc9, 0x41, 0x3a, 0xab,
	0x54, 0xd6, 0x23, 0x33, 0x97, 0x49, 0xec, 0x8e, 0x92, 0xd8, 0x19, 0x69, 0x4b, 0xbf, 0x83, 0x10,
	0x62, 0xef, 0x6e, 0x4e, 0x09, 0xe1, 0x35, 0x14, 0xfe, 0x72, 0x99, 0xb8, 0xb7, 0x0f, 0xf2, 0x53,
	0x38, 0x96, 0xb4, 0x09, 0x97, 0x4f, 0x26, 0xb5, 0x37, 0xb7, 0x9a, 0x15, 0xc5, 0xd6, 0x53, 0x8d,
	0x07, 0x51, 0xf2, 0xdc, 0x9d, 0xfd, 0x84, 0x0c, 0x28, 0xda, 0x7a, 0xe1, 0xfb, 0x3a, 0x1b, 0x6e,
	0x87, 0x20, 0xf2, 0x0b, 0x05, 0x88, 0xca, 0xdc, 0x42, 0x02, 0x42, 0x3b, 0x66, 0x8a, 0x30, 0x24,
	0x95, 0xcc, 0xec, 0x78, 0x4c, 0xce, 0xcb, 0xa0, 0x98, 0x13, 0x14, 0xd5, 0xe6, 0x06, 0x09, 0xf2,
	0x28, 0x1d, 0x36, 0x9c, 0x9f, 0x93, 0x30, 0xa8, 0x4e, 0xfd, 0x42, 0xec, 0x48, 0x2e, 0x0e, 0xa5,
	0xb3, 0x0b, 0xd0, 0x4b, 0x17, 0x1e, 0x4e, 0xd0, 0x67, 0xfb, 0x84, 0xca, 0x89, 0x29, 0x10, 0x4d,
	0x1a, 0x8a, 0x8d, 0xaa, 0xa6, 0x28, 0x48, 0xd4, 0x5b, 0x95, 0xa8, 0x14, 0x81, 0x60, 0x37, 0x0b,
	0xc0, 0x1b, 0x84, 0x0f, 0x7f, 0xb6, 0xe4, 0x19, 0x69, 0xd6, 0xe0, 0x6e, 0xab, 0x5f, 0x6e, 0xa9,
	0x94, 0x57, 0xc1, 0xfc, 0xa4, 0x64, 0x35, 0xe4, 0x85, 0x8f, 0x98, 0xba, 0x21, 0x3f, 0x89, 0x8f,
	0x27, 0xb0, 0x22, 0xf6, 0x55, 0x4a, 0x2c, 0x96, 0x40, 0xbb, 0xf2, 0xe4, 0xbb, 0x25, 0x9e, 0xce,
	0x3a, 0xd0, 0xf2, 0x62, 0xb5, 0x1a, 0x68, 0xe1, 0xea, 0x35, 0xf0, 0xd9, 0xa8, 0x02, 0x6c, 0xa9,
	0x7d, 0x26, 0x5b, 0x78, 0x0b, 0x48, 0x4c, 0x62, 0x30, 0xb0, 0xa0, 0x7c, 0x87, 0xcd, 0x75, 0x32,
	0x3a, 0x18, 0x15, 0x55, 0xb6, 0xa3, 0xd6, 0x67, 0xcc, 0xab, 0xad, 0x01, 0xa5, 0xff, 0x2c, 0x50,
	0x4a, 0xa5, 0x13, 0x66, 0x6d, 0x6e, 0x4d, 0x1d, 0xc4, 0x5a, 0xf8, 0xaa, 0x98, 0xe0, 0x07, 0xef,
	0x2f, 0xb2, 0xd4, 0x3e, 0xd3, 0x87, 0x66, 0x4e, 0x8c, 0xed, 0x79, 0x78, 0x66, 0x33, 0xa0, 0x5c,
	0x16, 0x5a, 0x09, 0x23, 0xd1, 0x08, 0x3a, 0xb0, 0x1e, 0x06, 0x59, 0x83, 0x03, 0xe3, 0x99, 0x2c,
	0x72, 0xb6, 0x6c, 0x52, 0xa2, 0x1e, 0xbd, 0x2c, 0xcc, 0xe3, 0x6c, 0x55, 0x2a, 0x27, 0x77, 0xaa,
	0x31, 0x44, 0x5f, 0xbe, 0x39, 0x1a, 0x78, 0xa0, 0x73, 0x83, 0x89, 0xbd, 0xc8, 0x05, 0x2d, 0x40,
	0x55, 0x14, 0x45, 0xb6, 0xd4, 0xc1, 0x4a, 0x35, 0xd6, 0x69, 0xce, 0x7a, 0xc2, 0x58, 0x15, 0xd8,
	0x9a, 0x16, 0xeb, 0x8f, 0x22, 0xfa, 0x49, 0xa6, 0xa8, 0x82, 0x10, 0xac, 0x50, 0x91, 0x01, 0x09,
	0x9d, 0xd9, 0xa8, 0xef, 0xa4, 0xfe, 0x95, 0xbd, 0x28, 0x1b, 0xa9, 0x12, 0x38, 0x2a, 0xbc, 0xf9,
	0x8c, 0x20, 0x27, 0xcc, 0x89, 0xd2, 0x83, 0x89, 0x44, 0x4a, 0x15, 0x2e, 0x73, 0x1a, 0x9d, 0xaf,
	0x9c, 0x23, 0x2d, 0x1f, 0x65, 0x6f, 0x7f, 0x0c, 0x73, 0x6e, 0xc1, 0x83, 0x7e, 0x70, 0xf3, 0x34,
	0xfa, 0xa3, 0xc6, 0x66, 0xf9, 0xd2, 0xb4, 0x75, 0x4a, 0x12, 0x47, 0x58, 0xe0, 0x27, 0xc6, 0x4e,
	0x17, 0xf4, 0xfb, 0xe9, 0xbb, 0x3c, 0x7c, 0xd0, 0xe2, 0x12, 0xb0, 0x7e, 0x78, 0x2c, 0xc2, 0xfa,
	0x6c, 0xc8, 0xd6, 0xf7, 0x03, 0xf1, 0xde, 0x0f, 0x27, 0xae, 0x5f, 0x7e, 0xad, 0x27, 0x8e, 0xa9,
	0xf7, 0x20, 0xb3, 0x92, 0x94, 0xc9, 0x7d, 0x6d, 0x6f, 0x44, 0xf0, 0x66, 0x08, 0x2a, 0xe8, 0x0d,
	0xa6, 0x2c, 0x37, 0x5b, 0x59, 0x89, 0xcb, 0xf7, 0xef, 0xdf, 0x5e, 0x9e, 0x7d, 0xb8, 0xc0, 0x7a,
	0x7b, 0x7b, 0x96, 0x50, 0xd6, 0x9d, 0x1b, 0x3e, 0xfe, 0x00, 0x62, 0xda, 0xea, 0x5b, 0x3f, 0x5c,
	0x5e, 0x7e, 0x90, 0xf8, 0x30, 0x94, 0xdc, 0x4a, 0xc3, 0x65, 0x18, 0xfb, 0x06, 0x4d, 0x3e, 0x51,
	0xaa, 0xb0, 0xa3, 0x52, 0x48, 0xfb, 0xec, 0x49, 0xc7, 0xb2, 0x73, 0x58, 0x98, 0xca, 0x3c, 0xc1,
	0x2d, 0x2a, 0x6f, 0xf9, 0x35, 0xf7, 0x01, 0xe4, 0xe9, 0x87, 0x8f, 0x2c, 0x7b, 0xc9, 0x7c, 0x7c,
	0xcb, 0x9a, 0x9d, 0xf6, 0x41, 0xcb, 0x61, 0x3f, 0xc0, 0xea, 0x0b, 0x0d, 0x0d, 0x41, 0xeb, 0x06,
	0x71, 0x1e, 0xf1, 0x18, 0x75, 0x4e, 0x8c, 0x49, 0x32, 0xe0, 0x7a, 0xf1, 0x12, 0x46, 0x5c, 0x6f,
	0xab, 0xab, 0x37, 0x05, 0x40, 0xc7, 0x61, 0xc2, 0xa1, 0x8d, 0xd7, 0x01, 0xf1, 0xe5, 0x14, 0x64,
	0xad, 0x87, 0xf9, 0xc3, 0x7e, 0x38, 0x9f, 0x93, 0xb2, 0x0e, 0x5a, 0x45, 0x3a, 0x05, 0x0d, 0xde,
	0x61, 0x1f, 0x13, 0x3e, 0x5b, 0xf9, 0xa4, 0x5a, 0x4c, 0xf9, 0x78, 0x45, 0xdf, 0x35, 0xc0, 0x20,
	0xb2, 0x04, 0x68, 0x8a, 0xcf, 0x3a, 0x94, 0xd9, 0x05, 0x80, 0x65, 0x46, 0xda, 0x02, 0x66, 0xec,
	0x0d, 0xda, 0x12, 0xf4, 0xde, 0x61, 0xed, 0x2e, 0x20, 0x8d, 0x39, 0xb1, 0x60, 0xe9, 0xa5, 0xa0,
	0xb4, 0x38, 0xec, 0x7d, 0xe0, 0xdf, 0x49, 0xfa, 0xa3, 0xfb, 0x62, 0x89, 0x4a, 0x5c, 0x84, 0x17,
	0xb6, 0x10, 0x00, 0xf4, 0x44, 0x02, 0xd9, 0x7c, 0xc0, 0x4d, 0x6f, 0x05, 0xe7, 0x6b, 0xde, 0x48,
	0x9e, 0xe0, 0x86, 0xa9, 0x13, 0x94, 0x05, 0xa7, 0xb5, 0xc4, 0x9a, 0x0b, 0xa4, 0x16, 0x28, 0xcf,
	0x60, 0xe0, 0x84, 0xd1, 0x0a, 0xf7, 0x56, 0x4d, 0xd9, 0xf4, 0x0e, 0xd4, 0x6b, 0x3c, 0x93, 0x06,
	0x5a, 0x27, 0x0f, 0x98, 0x91, 0x69, 0xa7, 0xb7, 0xb5, 0x0a, 0x90, 0xfe, 0x82, 0x50, 0xd3, 0x9c,
	0x64, 0xe2, 0x2b, 0x13, 0x5f, 0xe1, 0x09, 0x34, 0x12, 0xa4, 0x7f, 0x88, 0x59, 0xc0, 0x30, 0xcc,
	0xab, 0x08, 0x7d, 0x67, 0x34, 0xf4, 0x53, 0x11, 0x1c, 0x0c, 0x97, 0x59, 0xa7, 0x74, 0xf2, 0x05,
	0xe5, 0xb6, 0x4e, 0x97, 0xd8, 0xce, 0xd9, 0xc1, 0x29, 0xe8, 0xfd, 0xcb, 0x25, 0x2a, 0xb0, 0xe8,
	0x9e, 0x15, 0x50, 0xf4, 0x56, 0x81, 0x0f, 0xf8, 0xad, 0x08, 0xbc, 0x6a, 0x10, 0x3b, 0xb7, 0x07,
	0x87, 0x65, 0x98, 0xe7, 0x7c, 0x2e, 0x61, 0xc6, 0x7c, 0xee, 0x25, 0xa8, 0x39, 0xee, 0x0c, 0xef,
	0xb0, 0xd3, 0x71, 0xcb, 0x10, 0xc9, 0x9e, 0x00, 0x98, 0xc2, 0xae, 0x90, 0xae, 0x78, 0x64, 0x1c,
	0x49, 0x12, 0xd5, 0x4e, 0x1d, 0x54, 0xc5, 0xfd, 0x3a, 0xcc, 0x57, 0x5e, 0x2c, 0xb1, 0xcc, 0x4e,
	0x2f, 0x23, 0x34, 0x25, 0xc8, 0x66, 0x67, 0x88, 0xed, 0x70, 0x9b, 0x75, 0x87, 0x31, 0x48, 0xb4,
	0x96, 0x0e, 0x90, 0xa0, 0x91, 0x41, 0x4b, 0x10, 0x5f, 0x7a, 0x01, 0x80, 0xfa, 0x80, 0xe7, 0x94,
	0x02, 0x4e, 0x18, 0xbd, 0x83, 0xc1, 0xf6, 0xc6, 0x32, 0x31, 0x72, 0xec, 0x05, 0x2e, 0x68, 0x8d,
	0x4d, 0x07, 0x7e, 0x00, 0x94, 0xd7, 0x28, 0x98, 0x80, 0x5f, 0x56, 0x09, 0xce, 0x20, 0xcf, 0xc7,
	0x5d, 0xbb, 0xc0, 0xed, 0x22, 0xd5, 0x1b, 0x01, 0x0b, 0xc8, 0x18, 0x9f, 0x7b, 0xe7, 0x22, 0x7b,
	0xc3, 0xbf, 0xde, 0x72, 0xb5, 0x54, 0xf4, 0xa3, 0xc0, 0x9d, 0xef, 0x2d, 0x3d, 0x60, 0xe8, 0x8e,
	0x84, 0x83, 0x4d, 0x4a, 0x10, 0xc8, 0x0a, 0xd3, 0x15, 0x58, 0xe8, 0x2c, 0x08, 0x3d, 0xba, 0x59,
	0x86, 0x4d, 0xdd, 0x18, 0xb8, 0x66, 0xc2, 0x03, 0xc9, 0x6c, 0x08, 0xde, 0xbd, 0x19, 0xbf, 0x13,
	0x8c, 0xfd, 0x77, 0xcc, 0x33, 0x60, 0x32, 0xcf, 0x40, 0x32, 0x34, 0xf1, 0xb2, 0x60, 0x69, 0xdc,
	0x59, 0x36, 0xb1, 0xd9, 0x24, 0x1d, 0x01, 0x77, 0xa0, 0x57, 0x64, 0xc8, 0xe8, 0x94, 0xb8, 0x72,
	0x42, 0x82, 0x0e, 0xfb, 0x14, 0xe5, 0xd4, 0x69, 0xb1, 0x04, 0x22, 0xf3, 0x9f, 0xdc, 0xbf, 0x86,
	0x3f, 0xe4, 0xe3, 0x85, 0x82, 0x94, 0xc2, 0x39, 0xcc, 0xa0, 0x3b, 0x0c, 0xdd, 0x69, 0xed, 0x2e,
	0xba, 0xd4, 0x34, 0x82, 0x63, 0x62, 0x82, 0x00, 0x8f, 0x2e, 0x08, 0x67, 0xe9, 0xc5, 0x71, 0x88,
	0xa3, 0xf7, 0xc6, 0xf7, 0x22, 0xe9, 0x96, 0x58, 0x80, 0x91, 0xf1, 0x2b, 0x6e, 0x11, 0x81, 0x59,
	0x96, 0x4d, 0x87, 0x4c, 0x12, 0x6a, 0x95, 0x67, 0x50, 0xc7, 0xac, 0xaa, 0x8e, 0x8c, 0xda, 0x52,
	0x51, 0x6c, 0x92, 0x83, 0xaa, 0xe7, 0xf4, 0x43, 0x56, 0x6e, 0x76, 0x18, 0x9a, 0xb9, 0x4f, 0x3a,
	0x30, 0x00, 0x73, 0x50, 0xf9, 0x92, 0x56, 0x0d, 0x10, 0x99, 0x5b, 0x88, 0xee, 0x8f, 0x09, 0xb2,
	0x32, 0x3e, 0x32, 0x7a, 0x02, 0xf9, 0x2d, 0x02, 0x67, 0x20, 0x1f, 0x30, 0x5a, 0xcd, 0x16, 0x07,
	0xc7, 0x3d, 0xf4, 0x7d, 0x27, 0xab, 0x48, 0x84, 0xa1, 0x75, 0x00, 0xf1, 0x44, 0x0e, 0xdc, 0x39,
	0x22, 0x21, 0x6d, 0x99, 0x3e, 0x9b, 0x8c, 0xe3, 0x21, 0x2d, 0x1f, 0x6e, 0x90, 0x2a, 0x37, 0xa5,
	0xcd, 0xae, 0xe1, 0x2d, 0xdd, 0xac, 0x00, 0x62, 0xc4, 0x66, 0x2e, 0x3e, 0xba, 0x53, 0x37, 0xa2,
	0x7c, 0xdc, 0xfc, 0xfd, 0x2f, 0xf8, 0xfe, 0x17, 0xe9, 0x6c, 0xfa, 0xdb, 0xcb, 0x73, 0xbd, 0x39,
	0x90, 0x72, 0xd0, 0xd6, 0x25, 0xd8, 0x5e, 0x5c, 0x7a, 0x4a, 0x12, 0x5c, 0x04, 0xa4, 0x0f, 0x10,
	0x50, 0xf7, 0xc1, 0xf2, 0x02, 0x76, 0x20, 0xdb, 0x50, 0x64, 0x06, 0x0b, 0x7e, 0x75, 0x18, 0xee,
	0x03, 0x51, 0x5e, 0x1a, 0x1d, 0x24, 0x5a, 0x7b, 0x88, 0x7f, 0x26, 0x4a, 0x31, 0xe6, 0xf1, 0xf7,
	0xdb, 0x1f, 0xa4, 0x03, 0xa2, 0xfb, 0xf4, 0xa0, 0x73, 0xdb, 0xed, 0x3c, 0xe9, 0x00, 0x25, 0x5f,
	0x90, 0x21, 0x03, 0x94, 0x80, 0xe1, 0x4d, 0x27, 0xab, 0x34, 0xe9, 0xb3, 0xc7, 0x07, 0x9d, 0x08,
	0x26, 0x25, 0x7c, 0x87, 0x3f, 0x47, 0xef, 0x3e, 0x6c, 0x26, 0xb7, 0xa4, 0x44, 0xde, 0x85, 0x7a,
	0x0f, 0xae, 0xb6, 0xd4, 0x8d, 0xe9, 0x80, 0x32, 0x26, 0x49, 0x62, 0x8b, 0x55, 0x6e, 0x0c, 0xd2,
	0x91, 0x52, 0x88, 0xeb, 0x7b, 0x36, 0x0f, 0xa3, 0x0b, 0xd1, 0xb9, 0x1a, 0x97, 0xa9, 0x98, 0xb2,
	0xc0, 0x6a, 0xe4, 0x96, 0x73, 0xa1, 0xc7, 0xd7, 0x68, 0x51, 0x0a, 0xbf, 0x23, 0x8c, 0xb8, 0xf2,
	0x41, 0xb6, 0xea, 0xdb, 0xf8, 0x25, 0x7a, 0xc5, 0xfd, 0xd4, 0x45, 0xd9, 0xb5, 0xff, 0x41, 0xd6,
	0xfc, 0x09, 0xa7, 0x3f, 0xbc, 0x64, 0xcd, 0x76, 0xf7, 0x00, 0x87, 0xe2, 0x51, 0x17, 0x97, 0xee,
	0x1f, 0xf9, 0x9c, 0x36, 0x7a, 0xe7, 0x3d, 0x3a, 0x6b, 0x8b, 0x0a, 0xb2, 0x67, 0xf5, 0xad, 0x50,
	0xb1, 0xb7, 0x61, 0x82, 0xf3, 0xf8, 0x55, 0x1c, 0x46, 0x6a, 0xe8, 0x69, 0xde, 0xaa, 0x34, 0x40,
	0x7e, 0x3b, 0xe1, 0x1c, 0x94, 0x18, 0x45, 0xd3, 0x74, 0x81, 0xea, 0x70, 0x88, 0x29, 0xbc, 0x17,
	0xee, 0x8c, 0x03, 0x33, 0x05, 0x5c, 0x38, 0x0a, 0x34, 0xda, 0x6d, 0x1a, 0x2d, 0x12, 0x52, 0x97,
	0x0a, 0x0a, 0xae, 0xba, 0xf8, 0xa2, 0x2d, 0x97, 0x6c, 0x74, 0xd2, 0xa6, 0xb1, 0x37, 0x9f, 0xa3,
	0x2b, 0x42, 0x15, 0x42, 0xde, 0x21, 0x41, 0xcb, 0x80, 0x67, 0x3a, 0x82, 0xbe, 0xa0, 0x27, 0x00,
	0x87, 0xf4, 0xf0, 0x67, 0xd7, 0xe9, 0xdd, 0xe2, 0x86, 0xd7, 0x2b, 0xbe, 0x43, 0xcb, 0x3f, 0x00,
	0x3c, 0xd4, 0x31, 0x50, 0x74, 0x05, 0x30, 0x62, 0x2b, 0x22, 0x1e, 0x7d, 0x6a, 0x13, 0x0c, 0x45,
	0x85, 0x58, 0xad, 0xb6, 0x62, 0x4b, 0x35, 0x93, 0x49, 0x87, 0xa8, 0xcd, 0x00, 0x92, 0x9a, 0xe0,
	0x3a, 0xd8, 0xdc, 0x2a, 0x31, 0x81, 0xb4, 0x22, 0xd4, 0xac, 0x0e, 0x7d, 0x1f, 0xe1, 0xd0, 0xa7,
	0xb6, 0x34, 0x3b, 0x98, 0xb0, 0x04, 0xa9, 0x5f, 0x33, 0x37, 0x49, 0x6d, 0x25, 0xaf, 0xa7, 0x36,
	0x4a, 0x9f, 0x38, 0x1c, 0xaf, 0x92, 0x74, 0xf7, 0xa6, 0xde, 0x7a, 0xb8, 0x14, 0x60, 0x5b, 0x37,
	0x58, 0x96, 0xde, 0x41, 0x67, 0x70, 0x5a, 0x7f, 0x10, 0x0c, 0x22, 0xe8, 0x48, 0x39, 0xfe, 0xb8,
	0x08, 0xec, 0x0e, 0xfa, 0x27, 0x94, 0xad, 0xc0, 0x8e, 0x33, 0xd2, 0x95, 0x14, 0xe4, 0x18, 0x1a,
	0x12, 0x20, 0x49, 0xe0, 0x69, 0x6b, 0x15, 0x0e, 0x2c, 0x2c, 0xa8, 0xed, 0x5e, 0x77, 0x73, 0x1b,
	0xbf, 0x86, 0xe1, 0xf2, 0xc3, 0x84, 0xb8, 0xd1, 0x9b, 0x7b, 0x18, 0x46, 0xc6, 0x37, 0x6c, 0x22,
	0x59, 0x53, 0x1c, 0xda, 0x93, 0x0f, 0x7e, 0xc7, 0x39, 0xe8, 0xb5, 0xbb, 0x0e, 0xb5, 0xa8, 0x17,
	0x19, 0xb0, 0x64, 0x89, 0x1a, 0x5e, 0x8c, 0x93, 0x6d, 0xca, 0x39, 0x76, 0x19, 0x01, 0x6d, 0x6f,
	0xfc, 0x1f, 0x95, 0x4d, 0x8b, 0x5d, 0xce, 0xec, 0x1f, 0x36, 0x35, 0x8d, 0xbb, 0xb0, 0xc8, 0x41,
	0x8d, 0xfa, 0x20, 0x79, 0xad, 0xea, 0x27, 0x18, 0xc2, 0xf8, 0xe7, 0x26, 0x98, 0xff, 0x14, 0x30,
	0x31, 0xaf, 0x42, 0x81, 0x14, 0xfe, 0xb9, 0x0a, 0x98, 0xa0, 0x3c, 0xcf, 0x43, 0xd4, 0x95, 0x79,
	0x51, 0x75, 0xa4, 0xd6, 0x54, 0xb6, 0x49, 0x42, 0x41, 0x4c, 0xd2, 0xa9, 0xff, 0x8e, 0xf3, 0x58,
	0x6d, 0xe5, 0xb3, 0xb3, 0x19, 0x1d, 0xaf, 0x82, 0x84, 0xb9, 0x29, 0x58, 0x51, 0x50, 0xf7, 0xcd,
	0x87, 0x8b, 0x4d, 0x6d, 0x09, 0x0b, 0x04, 0xbb, 0x40, 0xac, 0x2f, 0x94, 0x9d, 0x8f, 0xe7, 0x67,
	0x52, 0x8c, 0xaf, 0xa6, 0x78, 0xd8, 0x3b, 0x08, 0x73, 0xa7, 0x7b, 0xfc, 0xc4, 0xe9, 0x3a, 0xdd,
	0x7e, 0xef, 0x98, 0xa4, 0xec, 0x06, 0x88, 0x84, 0x9f, 0x9c, 0x08, 0x97, 0x74, 0xe1, 0x05, 0x7a,
	0xb9, 0x22, 0x58, 0x79, 0xc3, 0x09, 0x2e, 0x72, 0x71, 0x1a, 0xb1, 0x26, 0x2e, 0x71, 0x53, 0x3c,
	0xa6, 0xa7, 0x66, 0xd0, 0x32, 0x70, 0xb0, 0x10, 0x7d, 0x70, 0xef, 0x30, 0x74, 0x2e, 0x85, 0x32,
	0x68, 0x52, 0xec, 0xfc, 0xf2, 0xc3, 0x3e, 0xa8, 0xba, 0x11, 0x6e, 0xa8, 0x8a, 0xc4, 0x57, 0x99,
	0xe1, 0xd1, 0xec, 0x3d, 0x3e, 0x76, 0x9c, 0x23, 0xb1, 0x14, 0x74, 0xe1, 0x2f, 0x2d, 0xc1, 0x20,
	0xc7, 0x88, 0x99, 0x97, 0x20, 0x0b, 0x51, 0x9c, 0xdd, 0x84, 0xf1, 0x55, 0x32, 0x00, 0x91, 0x83,
	0xca, 0x15, 0x7e, 0xf8, 0x79, 0xb5, 0x1c, 0x87, 0x52, 0xac, 0xc2, 0xcc, 0xbd, 0x52, 0x09, 0x79,
	0x08, 0x88, 0x0a, 0x1c, 0x3e, 0x7d, 0x7a, 0xd8, 0x7e, 0x77, 0xf9, 0x11, 0xb0, 0x75, 0xfd, 0x94,
	0x5f, 0x6d, 0x24, 0x01, 0xac, 0x12, 0x01, 0xed, 0x6d, 0xf9, 0x38, 0xc5, 0x99, 0x04, 0x06, 0x11,
	0xcb, 0x5e, 0xb1, 0x8f, 0xaf, 0xc0, 0xee, 0x03, 0xe5, 0x54, 0x0a, 0x55, 0x3c, 0x5a, 0x39, 0x86,
	0x25, 0x23, 0xc6, 0x18, 0x1d, 0x5a, 0x6f, 0x68, 0x79, 0x1b, 0xfa, 0xfe, 0x36, 0x0a, 0xb9, 0xab,
	0xa9, 0x17, 0x4a, 0xab, 0x12, 0x81, 0x13, 0xb9, 0xc9, 0x59, 0x8f, 0x1f, 0x24, 0xbf, 0xe8, 0x7a,
	0xd8, 0x71, 0xa7, 0xbb, 0x0d, 0x66, 0x02, 0x1c, 0x37, 0x71, 0xe3, 0x2a, 0xa8, 0xf2, 0x53, 0xb6,
	0x53, 0xca, 0x84, 0x5c, 0x27, 0x2b, 0x09, 0x17, 0x67, 0xb9, 0xa2, 0x55, 0xfc, 0xdd, 0x0a, 0x53,
	0x0a, 0x08, 0x3b, 0x30, 0xb1, 0x51, 0xa9, 0x34, 0xa9, 0x09, 0x8b, 0x5e, 0xd8, 0x86, 0x29, 0x03,
	0xe6, 0x9d, 0x28, 0x95, 0xc7, 0xa8, 0x09, 0xd8, 0x2c, 0xba, 0x06, 0x45, 0xce, 0x2b, 0x99, 0x58,
	0xe7, 0xef, 0x81, 0x6f, 0xc1, 0x70, 0x41, 0x1e, 0x0e, 0x67, 0xec, 0x0c, 0xa7, 0x20, 0xda, 0x71,
	0xec, 0x5f, 0xab, 0x83, 0x4e, 0xf7, 0x08, 0x97, 0xec, 0x10, 0x7d, 0xd9, 0x52, 0x15, 0xc0, 0x58,
	0x00, 0x2c, 0xb3, 0x72, 0xaa, 0x42, 0x05, 0x29, 0x35, 0x4b, 0x03, 0x2b, 0xdb, 0x23, 0xb1, 0x88,
	0x6d, 0x80, 0x68, 0x74, 0xa7, 0x78, 0x56, 0x02, 0xa5, 0x76, 0x34, 0xdb, 0x87, 0x1d, 0x5a, 0xae,
	0x0f, 0x3b, 0xe6, 0x72, 0xbd, 0x10, 0x9a, 0x88, 0xd2, 0xc9, 0x40, 0x81, 0x10, 0x4d, 0x09, 0x11,
	0xa7, 0xe6, 0x6d, 0x7d, 0x7b, 0x17, 0x29, 0x27, 0xbd, 0xed, 0x47, 0xba, 0x2e, 0x02, 0x11, 0xcc,
	0xf5, 0x63, 0xea, 0x2b, 0x2e, 0xc8, 0xa4, 0xfc, 0x1c, 0x41, 0xc3, 0xef, 0xb0, 0x4f, 0x09, 0x56,
	0x01, 0xe0, 0xc9, 0x32, 0x0c, 0x53, 0x6c, 0x7c, 0x8e, 0x47, 0x4c, 0xe0, 0xc5, 0x78, 0xb5, 0xad,
	0x9c, 0x12, 0x4e, 0xb8, 0x5c, 0x0a, 0x3a, 0xc4, 0x82, 0x7e, 0x4a, 0xd8, 0x82, 0x6e, 0xec, 0x74,
	0xdb, 0x1d, 0xe7, 0x29, 0x26, 0x63, 0x4a, 0xb1, 0x0b, 0x02, 0x0d, 0xe5, 0x22, 0xfc, 0x92, 0xb4,
	0xa3, 0x23, 0x83, 0x6a, 0x9a, 0x20, 0x0b, 0x46, 0xb9, 0x28, 0x0e, 0x5f, 0x49, 0x8b, 0x26, 0x46,
	0xfb, 0x86, 0xe0, 0x67, 0x7e, 0x8a, 0xc7, 0x25, 0x3f, 0xc5, 0x8f, 0xe7, 0xd9, 0x6a, 0x50, 0xc9,
	0x56, 0x64, 0xa8, 0xf8, 0x40, 0xf0, 0xc9, 0xdd, 0x0b, 0x2e, 0x27, 0x9a, 0x78, 0x24, 0x63, 0xca,
	0x35, 0x32, 0xd0, 0xd1, 0x2f, 0x00, 0x53, 0x0b, 0xc9, 0x08, 0xc8, 0x82, 0x08, 0x66, 0x2f, 0x5e,
	0x83, 0xc8, 0x9c, 0x53, 0x74, 0xb1, 0x0e, 0xb8, 0xcb, 0xdf, 0xd0, 0x10, 0x9c, 0x66, 0x35, 0xc0,
	0xc4, 0x98, 0xa0, 0x4b, 0x00, 0x51, 0x57, 0x3a, 0xe8, 0x0f, 0xbf, 0x4a, 0xb7, 0xc4, 0x0a, 0xcf,
	0x9a, 0x23, 0xed, 0x4a, 0x61, 0x85, 0xe2, 0x87, 0xd0, 0xcf, 0x1d, 0x2b, 0xbd, 0xfa, 0xe6, 0xae,
	0x60, 0x31, 0x7b, 0x91, 0x44, 0x9c, 0xd6, 0x48, 0x0c, 0x3e, 0xe3, 0xd2, 0x47, 0x24, 0x6e, 0xd3,
	0xaa, 0x22, 0x95, 0x73, 0x60, 0x36, 0x21, 0xeb, 0x41, 0x6f, 0xc2, 0xc2, 0x52, 0x77, 0x6a, 0x46,
	0x00, 0x0e, 0xe5, 0x79, 0xc2, 0xe6, 0x3c, 0xa4, 0x13, 0x36, 0x80, 0xa4, 0x94, 0x9c, 0x86, 0x2c,
	0x01, 0x72, 0x00, 0xaf, 0xba, 0xa0, 0xcd, 0x46, 0x12, 0x90, 0x0b, 0xa2, 0xc1, 0xc8, 0xb1, 0xad,
	0x47, 0xed, 0xda, 0x9b, 0x9d, 0x02, 0x0a, 0x24, 0x80, 0xe3, 0xd5, 0x55, 0xa8, 0x65, 0xf4, 0xf7,
	0xd9, 0xdf, 0xce, 0xde, 0xe8, 0x78, 0x26, 0x3a, 0xa2, 0xb7, 0x28, 0xa4, 0xe5, 0xda, 0x95, 0x3b,
	0x5e, 0x94, 0xd2, 0x05, 0xe3, 0x94, 0x1b, 0xbb, 0x38, 0x68, 0x11, 0xd8, 0xa5, 0x3e, 0x43, 0x89,
	0x5e, 0x8f, 0x4b, 0x32, 0xf1, 0x5f, 0x91, 0xb9, 0x5f, 0x8f, 0xd1, 0xc5, 0xe9, 0x5b, 0x13, 0x23,
	0xea, 0x36, 0x36, 0x20, 0x51, 0xd9, 0x80, 0x1a, 0x45, 0xff, 0x02, 0x90, 0x9c, 0xe8, 0x00, 0xc0,
	0x75, 0xf6, 0x12, 0x9a, 0x4f, 0x08, 0xa4, 0x7c, 0xb5, 0x01, 0x3f, 0x21, 0xe8, 0x4a, 0x4b, 0xb8,
	0x21, 0xed, 0x48, 0x17, 0xd0, 0xd6, 0xf1, 0x7a, 0x38, 0x09, 0x65, 0x28, 0x9c, 0x0b, 0xe3, 0xe7,
	0x85, 0x90, 0xe7, 0xf4, 0x4a, 0xe3, 0x3d, 0xd6, 0x7c, 0x82, 0xf9, 0x36, 0xac, 0x7b, 0x4c, 0x7f,
	0x8e, 0x9e, 0x88, 0xc5, 0x2f, 0x63, 0x38, 0x7a, 0xb1, 0xa9, 0x11, 0x99, 0x22, 0x91, 0x64, 0x4d,
	0xa8, 0x17, 0x20, 0x5a, 0x86, 0x78, 0x34, 0x9b, 0xcd, 0x0e, 0x86, 0xe8, 0x99, 0xe1, 0xa1, 0x0e,
	0xb7, 0xbb, 0x11, 0xa6, 0xb4, 0x90, 0x25, 0x40, 0x7c, 0xea, 0xb3, 0x68, 0xb2, 0xb4, 0xd9, 0xfc,
	0x71, 0xb7, 0xeb, 0x8a, 0x3f, 0x2b, 0x52, 0x7c, 0xc3, 0x68, 0x65, 0x38, 0xb8, 0xe8, 0xb1, 0x1e,
	0xf2, 0x35, 0x1e, 0x4e, 0x9f, 0x93, 0x43, 0x91, 0x54, 0xbc, 0x46, 0x39, 0xd2, 0x35, 0xbb, 0xff,
	0xa4, 0xa6, 0xef, 0x60, 0xde, 0x96, 0x87, 0xe9, 0xe5, 0xbb, 0xb3, 0x83, 0xc7, 0x1d, 0x76, 0xf6,
	0xee, 0x23, 0x6b, 0xe2, 0x31, 0x15, 0x78, 0xa7, 0x3d, 0xac, 0x74, 0x2e, 0x4a, 0x10, 0x12, 0xf6,
	0xab, 0xc0, 0x43, 0xbf, 0xe0, 0x2b, 0x75, 0x7e, 0xc2, 0xf8, 0x4e, 0xe9, 0xc1, 0x03, 0x39, 0x32,
	0x98, 0x88, 0x41, 0x81, 0x07, 0xf8, 0xba, 0x0a, 0x7c, 0xcc, 0xc5, 0x70, 0x71, 0xf9, 0x4f, 0x70,
	0x97, 0x2d, 0x8a, 0x83, 0x1b, 0x32, 0x3a, 0xbc, 0xa0, 0x1e, 0x2d, 0xef, 0x60, 0xf2, 0x8a, 0x5f,
	0x7b, 0x13, 0x2e, 0x7d, 0x5b, 0x60, 0x18, 0x40, 0x2b, 0xf8, 0x82, 0xd1, 0x3d, 0x3a, 0xb8, 0x0c,
	0x03, 0x8a, 0x5a, 0x27, 0xf7, 0xe1, 0xf3, 0x3e, 0x54, 0x6b, 0x77, 0x37, 0x42, 0x7d, 0x31, 0x9d,
	0x92, 0xbf, 0x0c, 0xba, 0x87, 0x70, 0x5d, 0x78, 0x44, 0xfc, 0x9a, 0x0b, 0x7e, 0x6b, 0xb8, 0xc6,
	0x6e, 0x8f, 0x9f, 0xb0, 0xa6, 0xa0, 0x45, 0xab, 0x1e, 0x60, 0xce, 0x9c, 0x3f, 0xfc, 0x2a, 0xa1,
	0xd2, 0x2b, 0x4a, 0xf1, 0xd3, 0x44, 0x63, 0x6e, 0x48, 0x75, 0x36, 0x8c, 0xc5, 0xfc, 0x2e, 0x0e,
	0xc9, 0x92, 0x78, 0x45, 0x12, 0xf7, 0x7b, 0x78, 0x4c, 0x26, 0x61, 0x24, 0x76, 0x47, 0xb6, 0x71,
	0xe2, 0x21, 0xd3, 0x93, 0xd7, 0x37, 0x50, 0x6e, 0x9a, 0xfd, 0x04, 0x1d, 0x2f, 0x39, 0x47, 0x76,
	0x36, 0x35, 0x00, 0x10, 0xde, 0x78, 0x3e, 0xd7, 0x9d, 0x7c, 0x80, 0xb1, 0xee, 0xe4, 0xc3, 0xd8,
	0x86, 0x4e, 0x54, 0x90, 0x97, 0xfb, 0xb2, 0xe6, 0x46, 0xb0, 0x17, 0x62, 0xe0, 0x8d, 0xa5, 0x5a,
	0x31, 0x03, 0x8e, 0x15, 0x76, 0x0d, 0xd4, 0x0d, 0x30, 0x72, 0xf5, 0xd6, 0xdc, 0x34, 0xf7, 0xfc,
	0xe6, 0x93, 0xb5, 0xae, 0x07, 0x32, 0xd5, 0xb2, 0xc4, 0xb1, 0x79, 0x5e, 0x66, 0x85, 0x27, 0xb9,
	0x0a, 0xc2, 0x94, 0x5c, 0xa6, 0x79, 0x82, 0x74, 0x31, 0x89, 0x5d, 0x27, 0x40, 0xba, 0xdc, 0x0c,
	0x8b, 0xa2, 0x08, 0xa9, 0x01, 0x2e, 0x3b, 0xe1, 0x85, 0x89, 0x8f, 0x7d, 0x06, 0xa2, 0xb3, 0xf9,
	0xee, 0xc3, 0xeb, 0xef, 0xdb, 0x97, 0x17, 0x2d, 0x9c, 0xef, 0x98, 0x84, 0xcc, 0x9a, 0xb1, 0x7b,
	0xa3, 0xb3, 0x5c, 0x9a, 0x6c, 0x6c, 0x48, 0xfa, 0xef, 0xf3, 0x66, 0x34, 0x5b, 0x5a, 0x38, 0x12,
	0x59, 0x13, 0x98, 0x05, 0x03, 0x03, 0x9d, 0x96, 0x2d, 0x32, 0xbf, 0x9a, 0x09, 0xc7, 0x80, 0x35,
	0xfa, 0xd7, 0x16, 0x5d, 0xf9, 0xb2, 0x2d, 0xa4, 0x2e, 0x14, 0x5e, 0x74, 0x85, 0xb7, 0x0b, 0xcd,
	0x9f, 0xd6, 0xe6, 0xb6, 0xdd, 0xdb, 0x0b, 0xe1, 0xf8, 0x21, 0xa1, 0x03, 0x3a, 0x85, 0x70, 0x22,
	0xea, 0xe9, 0xbe, 0x33, 0xd4, 0x82, 0x7e, 0x34, 0x1d, 0x44, 0xb0, 0x82, 0xc4, 0x72, 0xb7, 0x8f,
	0xd6, 0xd1, 0x43, 0x72, 0x82, 0x6a, 0xb0, 0xdf, 0xbd, 0xdc, 0x0a, 0x76, 0x09, 0xca, 0x84, 0x4c,
	0xb8, 0xae, 0x07, 0xdc, 0x33, 0x00, 0xe7, 0x2e, 0x33, 0x23, 0xf7, 0x13, 0xfb, 0xdd, 0x2a, 0xba,
	0xcf, 0xa4, 0x9f, 0x00, 0xb7, 0xe9, 0x20, 0xfd, 0xd4, 0x67, 0x8a, 0xe4, 0x50, 0x44, 0x8e, 0x12,
	0xf0, 0x74, 0xf2, 0xa9, 0x98, 0x47, 0xc6, 0x07, 0x34, 0x65, 0x2b, 0x5a, 0x12, 0x16, 0x95, 0x80,
	0x96, 0x37, 0x22, 0xb5, 0x03, 0x32, 0x4d, 0x77, 0x6e, 0x23, 0x77, 0xcb, 0x55, 0xb4, 0xb3, 0xd1,
	0x53, 0x97, 0xf5, 0xec, 0x01, 0xad, 0xe5, 0x76, 0xb1, 0x56, 0x68, 0xba, 0xbb, 0x8d, 0xdc, 0x6d,
	0xe9, 0x2a, 0xa1, 0x6c, 0x51, 0x6f, 0xcc, 0xda, 0xcb, 0xa3, 0x89, 0xaf, 0x7f, 0xfc, 0xf8, 0x4e,
	0x05, 0x0a, 0x4d, 0x0f, 0xf3, 0x27, 0x0b, 0xdd, 0xc8, 0xd6, 0x67, 0xbb, 0xe4, 0x39, 0xfe, 0x64,
	0x4d, 0xc6, 0xb1, 0x65, 0x5b, 0xd7, 0xf4, 0xaf, 0x2b, 0xfe, 0xa0, 0x0f, 0x58, 0x2f, 0x5c, 0x76,
	0x4d, 0x7d, 0xb2, 0x28, 0xfe, 0x66, 0xa1, 0x03, 0x0a, 0xfe, 0x28, 0x0f, 0x14, 0xfc, 0x14, 0xfe,
	0x27, 0xaa, 0x6d, 0xc4, 0x16, 0x3e, 0x59, 0xa8, 0x47, 0x43, 0x81, 0xcc, 0xbf, 0x4f, 0x65, 0x8c,
	0x65, 0x1e, 0xa0, 0xc2, 0xaa, 0x0d, 0x65, 0x60, 0x85, 0x87, 0x7f, 0x69, 0x89, 0x97, 0x7f, 0x57,
	0x54, 0xba, 0x20, 0x2f, 0x3e, 0x59, 0x18, 0x25, 0xb1, 0x50, 0x12, 0xe8, 0x9f, 0x97, 0x06, 0x8a,
	0x32, 0x40, 0x60, 0x5b, 0x48, 0x3a, 0xf9, 0x47, 0x52, 0x90, 0x2a, 0x55, 0x7a, 0x1c, 0x3e, 0x59,
	0x71, 0x1a, 0x59, 0x9f, 0x35, 0xe2, 0x02, 0x6d, 0x5f, 0xbe, 0x3e, 0x1f, 0xbd, 0xb8, 0xbc, 0x3c,
	0x2f, 0xd0, 0xb8, 0xe8, 0xa8, 0x5c, 0x83, 0x36, 0xd6, 0xb7, 0x60, 0x16, 0xc1, 0xac, 0xec, 0x5b,
	0xb8, 0x98, 0x58, 0x36, 0x1a, 0x54, 0xf0, 0xdb, 0xba, 0xb7, 0x6b, 0xbc, 0x8c, 0xa2, 0x52, 0x57,
	0x56, 0x3a, 0xe8, 0xf5, 0x2a, 0xeb, 0x54, 0x38, 0xee, 0xcc, 0xd6, 0x8e, 0x7b, 0xbd, 0xc3, 0xed,
	0x55, 0xd1, 0x02, 0x35, 0xeb, 0xf5, 0xba, 0x95, 0x95, 0x32, 0x4f, 0x5b, 0xa1, 0x4f, 0xaa, 0x70,
	0xc7, 0xe9, 0x94, 0xca, 0xff, 0xe3, 0x41, 0xa5, 0xff, 0xb9, 0xa5, 0xb4, 0x36, 0x02, 0xaf, 0xde,
	0x7f, 0x7c, 0xf9, 0xf6, 0xf5, 0xe8, 0xcd, 0xd9, 0xeb, 0xb7, 0xaf, 0x2e, 0xb4, 0x60, 0xf9, 0xa7,
	0xb2, 0xcf, 0xdd, 0x2e, 0x9a, 0xa5, 0xe5, 0xf9, 0x5f, 0xee, 0x64, 0xb1, 0x1b, 0x45, 0x44, 0xf7,
	0x3e, 0xe7, 0x61, 0xf9, 0x8b, 0xd7, 0xa7, 0x97, 0x67, 0xef, 0x7f, 0x44, 0x34, 0xa0, 0xf9, 0xb5,
	0x37, 0xed, 0xcb, 0x18, 0xb7, 0x65, 0xd3, 0xc1, 0x76, 0x7d, 0xeb, 0x42, 0x3e, 0x5e, 0xf1, 0xbb,
	0x04, 0xd8, 0xa9, 0x10, 0xb8, 0xb7, 0x6b, 0xa2, 0xef, 0x76, 0x31, 0x54, 0xfe, 0x19, 0xe8, 0x25,
	0xe1, 0x93, 0xb4, 0xcb, 0xe1, 0xcb, 0x47, 0x05, 0x5f, 0x0f, 0x83, 0xdb, 0x46, 0xbc, 0xda, 0xae,
	0x8e, 0x28, 0xdb, 0xe5, 0xe0, 0xaf, 0x5d, 0x8e, 0xdd, 0xda, 0x55, 0xc1, 0x57, 0xbb, 0x1c, 0x3d,
	0xcd, 0xf1, 0x84, 0x59, 0x9f, 0x21, 0x09, 0x86, 0x52, 0x86, 0xa1, 0x19, 0x22, 0xb5, 0x8d, 0xc0,
	0xa6, 0x6d, 0xc8, 0x0a, 0x5b, 0x8b, 0x1c, 0xda, 0xa6, 0x71, 0x6e, 0x6b, 0xe6, 0xb4, 0x5d, 0xb4,
	0x75, 0x6d, 0xc3, 0xc2, 0xb4, 0x2b, 0x6c, 0x3c, 0xc4, 0x52, 0x20, 0x89, 0xf1, 0xba, 0x1c, 0x4d,
	0xf1, 0xa4, 0x10, 0xd5, 0xe3, 0x8a, 0xb6, 0x1e, 0x29, 0xb4, 0xcd, 0xe8, 0x5f, 0x06, 0x4d, 0xb0,
	0x49, 0x06, 0x8e, 0xc2, 0x79, 0x19, 0x38, 0x43, 0x12, 0xdb, 0x05, 0xf9, 0x6b, 0xeb, 0xa1, 0x35,
	0xdb, 0x08, 0x8a, 0xd9, 0xc5, 0xb0, 0x95, 0x5d, 0xe2, 0xf2, 0x62, 0x18, 0xc8, 0x2e, 0x47, 0x6c,
	0xec, 0x1a, 0x29, 0x65, 0x57, 0x8a, 0x21, 0xbb, 0x56, 0xe2, 0xdb, 0xf5, 0x22, 0xc8, 0xae, 0x11,
	0x31, 0x76, 0x69, 0x82, 0x15, 0xe6, 0x97, 0x39, 0xbd, 0x32, 0x6a, 0x2a, 0x81, 0x9c, 0xd1, 0xf3,
	0x7d, 0xf6, 0x42, 0x92, 0xb4, 0xe4, 0xe2, 0xb6, 0x4b, 0x9e, 0x68, 0xbb, 0x52, 0xae, 0xdb, 0xb5,
	0x0e, 0x61, 0xbb, 0xc6, 0xed, 0x6a, 0x57, 0x39, 0x48, 0xed, 0x6a, 0x0f, 0x67, 0xd6, 0x03, 0x2a,
	0x99, 0xa1, 0xff, 0x42, 0x3c, 0x49, 0xdc, 0x4d, 0xc3, 0xde, 0x36, 0x16, 0x40, 0xbb, 0x6c, 0xae,
	0xdb, 0x45, 0xe3, 0xda, 0x36, 0xed, 0x57, 0x5b, 0x77, 0x89, 0x66, 0x08, 0x80, 0xf0, 0xcb, 0x9a,
	0x7f, 0xf3, 0xe1, 0x6f, 0x59, 0xe3, 0x05, 0x8f, 0xa7, 0xad, 0xb9, 0x24, 0x6d, 0xd3, 0x5d, 0x68,
	0x17, 0x05, 0x68, 0xd1, 0x09, 0xa7, 0x4d, 0xa5, 0x55, 0x3e, 0x91, 0xde, 0x7d, 0xd4, 0xa6, 0xd1,
	0x4a, 0xeb, 0xa6, 0x69, 0x8f, 0xda, 0x86, 0x25, 0x69, 0x97, 0xcd, 0x40, 0xbb, 0x6c, 0xcb, 0xd9,
	0x86, 0xf5, 0x65, 0x17, 0x8d, 0xa6, 0x0c, 0x1f, 0x21, 0xe7, 0x33, 0x94, 0x32, 0x5d, 0x3f, 0x43,
	0xac, 0x60, 0x02, 0xd9, 0x86, 0xda, 0x60, 0x17, 0x74, 0x0c, 0x5b, 0xb7, 0x77, 0xec, 0x0a, 0x5d,
	0xde, 0x36, 0x75, 0x70, 0xbb, 0xa8, 0x39, 0xdb, 0xba, 0x72, 0x6b, 0x97, 0x56, 0xa1, 0x82, 0xa2,
	0xf8, 0xf9, 0x7e, 0xef, 0xf3, 0xa0, 0x78, 0x2d, 0x1a, 0xde, 0x98, 0x8d, 0x7b, 0x23, 0xb4, 0x2c,
	0x34, 0x37, 0xb9, 0x0b, 0x26, 0x60, 0xd2, 0x06, 0xc2, 0xf9, 0xe9, 0x46, 0x5e, 0x13, 0x4d, 0xfa,
	0xd6, 0x1a, 0xb3, 0xe7, 0xc4, 0x12, 0x85, 0xee, 0x4f, 0xf7, 0xc6, 0xc5, 0xec, 0x6c, 0x74, 0xd8,
	0x89, 0xef, 0x03, 0xfc, 0x1e, 0xf3, 0x74, 0x15, 0x07, 0x2c, 0xa6, 0x8c, 0x60, 0xca, 0x35, 0xbb,
	0xdf, 0xdb, 0xcb, 0x60, 0xd1, 0x61, 0x9a, 0xcd, 0x65, 0x32, 0xb7, 0x59, 0x78, 0x35, 0x44, 0xef,
	0xa1, 0x0e, 0x95, 0x63, 0xd2, 0xc7, 0x34, 0x9c, 0xac, 0xd0, 0x8d, 0xe1, 0x4c, 0x60, 0x66, 0xa5,
	0xfc, 0xb5, 0x4f, 0x4e, 0x8d, 0xa6, 0x35, 0xf5, 0xae, 0x2d, 0xd1, 0x04, 0xf7, 0x1d, 0x4a, 0xdf,
	0xc3, 0x1c, 0x42, 0xa8, 0x60, 0x11, 0x50, 0x66, 0xb1, 0x47, 0xac, 0x19, 0x5e, 0xb1, 0xe7, 0xf2,
	0x45, 0x3b, 0xbc, 0xb2, 0x58, 0x5f, 0x3d, 0xf0, 0x38, 0xce, 0x6b, 0x63, 0xb6, 0xf7, 0xa9, 0x3c,
	0x9e, 0x13, 0x54, 0xef, 0x64, 0x4e, 0x1f, 0xb2, 0x86, 0xe7, 0x3c, 0x95, 0xad, 0xbe, 0xbc, 0x3b,
	0x9b, 0x36, 0x05, 0x84, 0xc4, 0x6a, 0x39, 0x78, 0x46, 0x7d, 0x30, 0x3d, 0xc5, 0x6b, 0xd0, 0x9b,
	0xdc, 0x17, 0xe0, 0x12, 0x9e, 0x5e, 0x7a, 0x4b, 0x0e, 0x73, 0xb6, 0xd9, 0x6c, 0xb1, 0xe1, 0x09,
	0xc2, 0x8f, 0xf9, 0x12, 0x96, 0xde, 0x26, 0xd8, 0x73, 0x87, 0xe8, 0xe7, 0x12, 0x34, 0xd0, 0xee,
	0x49, 0xc4, 0x83, 0x5c, 0x35, 0x7a, 0x67, 0xd4, 0xc9, 0x0f, 0x36, 0xf5, 0xa6, 0x82, 0x2e, 0x19,
	0x4e, 0x94, 0x1b, 0x7e, 0x41, 0x39, 0xf1, 0x61, 0xfc, 0xc2, 0xf7, 0x9b, 0x96, 0x93, 0xba, 0x63,
	0xc0, 0x09, 0x58, 0xe9, 0xb5, 0x0b, 0x23, 0xd0, 0x4c, 0x6d, 0x8f, 0xda, 0x5f, 0x8b, 0x9c, 0x68,
	0x41, 0x51, 0x8f, 0x32, 0xff, 0x3e, 0xe5, 0xe7, 0xbd, 0xda, 0x74, 0x6e, 0xab, 0x8d, 0x47, 0xaf,
	0xda, 0xfa, 0xe9, 0xa9, 0x9f, 0x07, 0xa2, 0x5a, 0x2a, 0x48, 0x8b, 0x3b, 0x74, 0xe5, 0xf5, 0xa9,
	0x4d, 0x4b, 0x45, 0x35, 0x10, 0xda, 0x27, 0xef, 0x33, 0x1b, 0x0e, 0x87, 0xf0, 0x53, 0x74, 0xff,
	0xbe, 0x35, 0xd8, 0x01, 0x4f, 0x95, 0x45, 0xad, 0xe1, 0x3b, 0x41, 0x5c, 0x27, 0x5a, 0x6b, 0x92,
	0x68, 0xaa, 0xb5, 0x56, 0x6b, 0xcb, 0xa0, 0x00, 0x54, 0xeb, 0x11, 0xa0, 0xa1, 0x81, 0x70, 0xa7,
	0xd3, 0xbc, 0x3e, 0x55, 0xf7, 0x66, 0xcd, 0x1b, 0x50, 0x5b, 0xc2, 0x1b, 0x67, 0x04, 0x9d, 0xfd,
	0x10, 0xfa, 0x7e, 0x6b, 0xcd, 0x26, 0x3e, 0x77, 0xe3, 0x33, 0x69, 0x89, 0x95, 0xbe, 0x0f, 0x58,
	0xe1, 0x0d, 0x6a, 0x83, 0x2b, 0xdf, 0x1f, 0xb0, 0x7b, 0x01, 0xd0, 0x9b, 0x12, 0x05, 0x8c, 0xb3,
	0x67, 0xd7, 0x44, 0xbc, 0x8a, 0xdc, 0xdd, 0x01, 0x7d, 0x80, 0xb1, 0x7f, 0x4b, 0x07, 0xc8, 0x44,
	0x00, 0xaf, 0x2f, 0x72, 0x6f, 0xc4, 0x16, 0xc7, 0x47, 0xbe, 0x87, 0x51, 0x76, 0x75, 0xfa, 0x16,
	0x4e, 0x26, 0x71, 0xe2, 0x29, 0x17, 0xc9, 0x2f, 0xc4, 0x11, 0x0e, 0xb2, 0x09, 0xc2, 0x29, 0x63,
	0x86, 0xfb, 0x56, 0x54, 0x4f, 0x04, 0xff, 0x61, 0x13, 0x19, 0x06, 0x17, 0xd4, 0x08, 0x72, 0xe2,
	0x81, 0xe0, 0x44, 0x18, 0xb1, 0x02, 0x37, 0x6a, 0x09, 0xf0, 0x85, 0xbb, 0xd0, 0x32, 0xbe, 0x84,
	0xe6, 0xde, 0x2c, 0x81, 0xee, 0x60, 0xdd, 0x37, 0x03, 0xea, 0x2b, 0x90, 0x21, 0x00, 0x2a, 0x10,
	0x61, 0xd8, 0x6f, 0xbf, 0xb1, 0x80, 0x3d, 0x63, 0x9d, 0x96, 0x9a, 0xfc, 0x96, 0x88, 0x65, 0x59,
	0x83, 0x6c, 0x66, 0xaf, 0x88, 0x0b, 0x51, 0x82, 0xfd, 0x27, 0xfe, 0x43, 0xb2, 0xec, 0x7b, 0xfc,
	0xe7, 0xf2, 0x25, 0xb2, 0x1e, 0x63, 0x98, 0xca, 0xea, 0x41, 0xa1, 0x0e, 0x3e, 0xdc, 0xc0, 0x0c,
	0xe3, 0xd0, 0xc0, 0xc9, 0x90, 0x0e, 0x8e, 0x60, 0xdf, 0x7d, 0x07, 0xdf, 0x9e, 0xb1, 0x15, 0xa8,
	0x6a, 0xc1, 0x3c, 0x5d, 0xb0, 0x36, 0xeb, 0xc2, 0x30, 0x06, 0x6c, 0x5f, 0x7c, 0x1f, 0x30, 0xef,
	0xd1, 0x23, 0x31, 0x3c, 0x12, 0x81, 0xa6, 0x47, 0x43, 0xd4, 0x01, 0x61, 0x10, 0x00, 0x1b, 0xbf,
	0xc1, 0x3c, 0xb2, 0x26, 0xe0, 0xd7, 0xd7, 0x1e, 0xbb, 0xad, 0x16, 0x48, 0x0c, 0x8b, 0xe4, 0xc6,
	0x0a, 0xd8, 0x7a, 0x60, 0x08, 0x2a, 0xe8, 0xf2, 0x4b, 0x17, 0x34, 0x4a, 0x10, 0x31, 0xcd, 0x88,
	0xba, 0x2c, 0x27, 0x14, 0xe0, 0xd8, 0x8c, 0xb0, 0xcb, 0x16, 0x30, 0xb3, 0x4f, 0x17, 0x5e, 0x82,
	0x56, 0xfc, 0x7e, 0xd6, 0xb4, 0xf6, 0x2d, 0xa2, 0xaf, 0x44, 0xc1, 0x43, 0xec, 0x11, 0x01, 0x50,
	0x13, 0x7d, 0x58, 0x96, 0x00, 0xa5, 0x47, 0x80, 0x36, 0xa0, 0x90, 0x55, 0xa7, 0x16, 0x0b, 0xc2,
	0xb6, 0x82, 0x85, 0xb0, 0xf1, 0x34, 0xbe, 0x5b, 0x6b, 0xd3, 0xfa, 0x93, 0xe0, 0x1a, 0xc1, 0x42,
	0xc0, 0x3d, 0xb3, 0xf9, 0xe7, 0x4c, 0x20, 0xe3, 0x21, 0x1e, 0xb0, 0x90, 0x3a, 0x2e, 0x4c, 0xbe,
	0x4f, 0x32, 0xfb, 0x1c, 0x45, 0xb8, 0x55, 0xde, 0x6a, 0x0d, 0x3d, 0x98, 0xa0, 0xdf, 0x41, 0x72,
	0x0e, 0x0e, 0x66, 0xcb, 0xae, 0xaf, 0x22, 0xb7, 0xf0, 0xee, 0x5c, 0x4b, 0x30, 0x75, 0x55, 0x71,
	0x2a, 0xfd, 0x59, 0x4e, 0x0e, 0xb9, 0xa2, 0xf0, 0xc9, 0xe9, 0x0c, 0x33, 0x9b, 0x9b, 0xd0, 0x1b,
	0x1c, 0x71, 0xf8, 0xe3, 0x80, 0x38, 0x97, 0xbf, 0xe8, 0xbc, 0x4b, 0xed, 0xb7, 0x23, 0x67, 0x4c,
	0xf9, 0x95, 0x23, 0x90, 0x6d, 0x21, 0x91, 0x31, 0x1b, 0x3a, 0x6f, 0x82, 0xb2, 0x4c, 0x86, 0xb2,
	0x25, 0x5a, 0x91, 0x69, 0x20, 0x34, 0x66, 0x55, 0x25, 0x01, 0xa4, 0x54, 0x63, 0xa0, 0xfc, 0x37,
	0xdf, 0xc8, 0x1a, 0x72, 0x51, 0x17, 0x05, 0x6b, 0x05, 0x93, 0x4a, 0xbd, 0x87, 0x7e, 0x17, 0xd6,
	0x19, 0x78, 0xa9, 0x37, 0x12, 0x84, 0xf2, 0xd0, 0x3a, 0x0c, 0xa0, 0xe5, 0x0d, 0x42, 0x8f, 0x04,
	0xa2, 0x28, 0x63, 0x74, 0x7f, 0x82, 0x5e, 0x77, 0x9c, 0x06, 0x62, 0x2b, 0xc3, 0x70, 0x33, 0x22,
	0xd9, 0x7e, 0x08, 0xab, 0x55, 0xaa, 0x1e, 0x46, 0xbb, 0xd5, 0x06, 0xd3, 0xa6, 0x65, 0xe2, 0x9d,
	0xf2, 0x6d, 0x35, 0xb3, 0xbd, 0x07, 0xaa, 0x2a, 0x0a, 0x0c, 0xd5, 0x5f, 0x29, 0x2d, 0x59, 0xd6,
	0x0b, 0x27, 0x3b, 0xea, 0x79, 0xc8, 0x50, 0x27, 0x18, 0xe8, 0xdf, 0xc3, 0xa8, 0xee, 0x33, 0xc2,
	0x2f, 0xd0, 0x58, 0x57, 0xb7, 0x86, 0xba, 0x3b, 0x4b, 0x1e, 0x1a, 0xaa, 0x2b, 0x67, 0xa4, 0x7e,
	0xf4, 0xd1, 0xf1, 0x4a, 0xf9, 0x17, 0x08, 0x20, 0x55, 0xd9, 0xfe, 0x52, 0x65, 0xa2, 0x64, 0x07,
	0xcc, 0xe4, 0xb0, 0x29, 0xbc, 0xaf, 0xe5, 0x03, 0xe3, 0x11, 0x89, 0x0e, 0x13, 0x09, 0xf2, 0xd8,
	0x05, 0x3a, 0xb5, 0x04, 0xe1, 0x78, 0xf3, 0x20, 0x8c, 0xe5, 0xf6, 0xd1, 0x20, 0x94, 0x27, 0x58,
	0xf8, 0xf8, 0xb4, 0xe0, 0x31, 0x77, 0x2c, 0x03, 0x79, 0xb1, 0xc9, 0x00, 0x33, 0x5d, 0x31, 0x00,
	0x2a, 0x3e, 0xdd, 0x83, 0x06, 0x91, 0x70, 0xb6, 0x89, 0x46, 0x5a, 0xe9, 0x4a, 0x22, 0x19, 0xdf,
	0xcd, 0x86, 0x72, 0xfa, 0xdd, 0xab, 0x71, 0x41, 0x59, 0x82, 0x5c, 0x87, 0x7f, 0x61, 0xc6, 0x65,
	0xa3, 0x23, 0x46, 0x1b, 0xe1, 0xd1, 0x17, 0x9c, 0x62, 0x0a, 0xe6, 0xc6, 0xb1, 0x47, 0x65, 0xb6,
	0xc8, 0xfb, 0xa4, 0xe2, 0x96, 0x67, 0xdb, 0x16, 0x48, 0xb8, 0xb3, 0xa9, 0x04, 0x4a, 0x5f, 0x8c,
	0x40, 0xf1, 0x85, 0x22, 0x23, 0xf2, 0x3b, 0xb7, 0x76, 0x02, 0x49, 0xbb, 0xa1, 0xb6, 0xc0, 0xa4,
	0x32, 0x05, 0xa0, 0x82, 0x18, 0xb8, 0x11, 0x66, 0x1b, 0xeb, 0x63, 0x19, 0x2b, 0xab, 0x07, 0xf4,
	0x05, 0x80, 0x31, 0x88, 0x77, 0xcc, 0xd0, 0xcf, 0x68, 0xcb, 0x08, 0x54, 0x91, 0x79, 0x2f, 0x16,
	0xe1, 0x0d, 0xfa, 0xd4, 0x03, 0x7e, 0xc3, 0xa5, 0x46, 0x0b, 0x3d, 0x44, 0x0e, 0x52, 0x2b, 0x1f,
	0x2e, 0x58, 0x82, 0xa5, 0x64, 0xba, 0x08, 0xed, 0x83, 0xd5, 0xb7, 0xa8, 0xc8, 0x91, 0x6e, 0x4e,
	0xdc, 0x88, 0xf5, 0x30, 0x39, 0x33, 0x23, 0xb5, 0x6c, 0xb3, 0x8a, 0xe7, 0x4a, 0x5c, 0x57, 0x2c,
	0xab, 0x4f, 0xbb, 0x7b, 0x83, 0x24, 0xe9, 0x78, 0x1b, 0x41, 0x08, 0x5f, 0xab, 0x40, 0x49, 0x2e,
	0x93, 0xd3, 0x37, 0xd6, 0xa4, 0x42, 0x79, 0xcd, 0x74, 0xec, 0xd0, 0x69, 0xf7, 0x3f, 0x5c, 0xbe,
	0x7b, 0x8b, 0xe4, 0xb2, 0x34, 0x22, 0x7f, 0x63, 0x12, 0x4a, 0x23, 0xf4, 0xf6, 0x16, 0x1e, 0xc6,
	0xb1, 0x4c, 0xe0, 0xbe, 0x2b, 0x1d, 0x0b, 0x85, 0x75, 0x42, 0xb2, 0x6c, 0x74, 0x13, 0xb0, 0xf0,
	0x9b, 0x4d, 0xd7, 0x1e, 0xd3, 0x12, 0x39, 0x76, 0xe8, 0x2c, 0x1b, 0x50, 0x73, 0x5c, 0xf1, 0xab,
	0x95, 0xd7, 0x00, 0xf5, 0xb9, 0x29, 0x28, 0x38, 0xc3, 0x08, 0x9e, 0x04, 0xa0, 0x75, 0x37, 0x1b,
	0x97, 0x78, 0x83, 0x2d, 0x95, 0xc6, 0x96, 0x06, 0x13, 0xd5, 0x0b, 0x9d, 0xb2, 0xda, 0x07, 0xc6,
	0xac, 0xca, 0x63, 0x0f, 0xe8, 0xb8, 0x01, 0xe0, 0xcf, 0xda, 0xa2, 0xb4, 0x97, 0xab, 0xb6, 0xd4,
	0xf6, 0xfa, 0x71, 0x78, 0x03, 0x82, 0x0d, 0x37, 0x71, 0x6d, 0xdc, 0x38, 0xc7, 0xa6, 0x7e, 0xe3,
	0xe4, 0x55, 0x76, 0x6e, 0x8d, 0xdc, 0x1e, 0x57, 0x06, 0xbc, 0x19, 0x88, 0x76, 0xff, 0x41, 0xe5,
	0x39, 0xf9, 0xe2, 0x80, 0x99, 0x0c, 0xbc, 0x40, 0xbe, 0x40, 0xbf, 0x09, 0x5a, 0x85, 0x31, 0x0f,
	0x3e, 0x75, 0x3e, 0x17, 0x38, 0x69, 0xe6, 0xa0, 0x16, 0x59, 0x57, 0xbc, 0xfb, 0x79, 0x83, 0x2c,
	0x9a, 0x91, 0xb7, 0xae, 0x55, 0x57, 0xf7, 0xa0, 0xdc, 0x94, 0xe0, 0x9c, 0xe7, 0xe4, 0xbf, 0x7e,
	0x85, 0x57, 0xed, 0xa8, 0x57, 0x7f, 0xa1, 0xc8, 0x33, 0x70, 0x79, 0xf8, 0x16, 0x37, 0x92, 0xf1,
	0x8b, 0x34, 0x06, 0x79, 0xd1, 0x44, 0x85, 0xb4, 0xcc, 0xe1, 0xd4, 0x8c, 0x61, 0xca, 0x81, 0x1d,
	0x37, 0x45, 0xb9, 0x29, 0xf7, 0x29, 0xa2, 0x9e, 0x26, 0xad, 0x4d, 0x9d, 0xd0, 0xd2, 0x3e, 0xa1,
	0x0c, 0x36, 0x8c, 0xfc, 0x2d, 0x40, 0x9d, 0xc5, 0x99, 0xba, 0xf5, 0x0c, 0x23, 0x14, 0x75, 0x22,
	0x5d, 0xe8, 0xe3, 0xf9, 0xd9, 0x69, 0xb8, 0x8c, 0xc2, 0x00, 0x19, 0x55, 0x90, 0xce, 0xe8, 0xff,
	0xfd, 0x16, 0x2c, 0xe3, 0x65, 0x05, 0x96, 0xd0, 0xae, 0x18, 0xc3, 0x2a, 0x88, 0x20, 0x56, 0x74,
	0xc3, 0x3e, 0x8d, 0xb5, 0xaf, 0xf7, 0x86, 0xcc, 0x2b, 0x4c, 0xee, 0x5d, 0xa4, 0x5e, 0x8d, 0xc4,
	0x92, 0x0a, 0x69, 0x42, 0x0a, 0xaf, 0xb1, 0x00, 0x73, 0x0a, 0x14, 0x1b, 0x4f, 0xce, 0x92, 0x27,
	0x89, 0x3b, 0xe7, 0xa4, 0xd2, 0x5a, 0x33, 0xb1, 0xa9, 0x0d, 0x74, 0x10, 0xaa, 0xa7, 0x69, 0xf3,
	0x99, 0x9c, 0xcc, 0x9d, 0x2c, 0x24, 0x9b, 0x5a, 0xfa, 0x82, 0x5f, 0xe5, 0x69, 0xa9, 0xc2, 0x3f,
	0x37, 0xa3, 0xa5, 0x84, 0x95, 0x47, 0xf2, 0x00, 0x66, 0xe2, 0x97, 0x54, 0xce, 0xe5, 0x03, 0x6a,
	0x07, 0x99, 0x14, 0xca, 0x4a, 0x0b, 0xbd, 0x5c, 0x9e, 0xdc, 0x93, 0xb3, 0x8a, 0xd4, 0x23, 0x85,
	0xfb, 0x46, 0xb7, 0xb4, 0xf4, 0x5a, 0xd2, 0xa5, 0x64, 0xd6, 0xc1, 0x02, 0xe4, 0xd1, 0xf8, 0x9c,
	0x7f, 0x81, 0xd6, 0x70, 0x4b, 0x3a, 0xe6, 0x33, 0x68, 0xd5, 0x65, 0x02, 0x3d, 0x69, 0xd1, 0x01,
	0x65, 0x3c, 0x58, 0x2d, 0x51, 0xdd, 0x89, 0x56, 0xc9, 0xa2, 0x59, 0x51, 0x96, 0x16, 0x57, 0xfa,
	0xa9, 0x4b, 0xc7, 0x6a, 0xf0, 0x22, 0x93, 0xb7, 0x16, 0xba, 0x3e, 0x89, 0x4b, 0xd5, 0x5a, 0x5b,
	0xa1, 0xab, 0xd3, 0xde, 0x8c, 0x06, 0x0a, 0xd4, 0xce, 0x0b, 0x9d, 0xa0, 0x5d, 0xa9, 0x35, 0x6e,
	0xc1, 0x17, 0x52, 0x1e, 0xaa, 0x4a, 0x97, 0x48, 0x8a, 0x9b, 0x24, 0x29, 0xf5, 0x0e, 0xeb, 0x4b,
	0x35, 0xe3, 0x39, 0x54, 0x67, 0x4d, 0x05, 0x22, 0x71, 0x7e, 0x0e, 0xbd, 0xa0, 0x69, 0xd9, 0xcc,
	0x22, 0x93, 0xb9, 0x45, 0x7e, 0x35, 0x7d, 0x41, 0x2c, 0xba, 0xd4, 0x9a, 0x34, 0xb6, 0x00, 0xe5,
	0x2e, 0xd7, 0x54, 0x10, 0x1a, 0xbd, 0xee, 0xd3, 0x6b, 0x02, 0x85, 0x6d, 0x1b, 0x60, 0x0c, 0xbf,
	0x1e, 0x6d, 0x1e, 0x0f, 0xac, 0xda, 0xa5, 0x55, 0x19, 0x8e, 0x6e, 0x12, 0x06, 0xb2, 0x07, 0x59,
	0x6f, 0x41, 0x23, 0x1e, 0x89, 0x2f, 0x1b, 0xd0, 0x94, 0x55, 0x81, 0xae, 0xf2, 0xd7, 0x37, 0x44,
	0x6e, 0x90, 0x3d, 0x56, 0xf1, 0xa5, 0x8c, 0x2a, 0x63, 0x9f, 0x40, 0xab, 0x27, 0xd2, 0xc8, 0xcf,
	0x19, 0x41, 0x82, 0xd0, 0xda, 0xd2, 0x97, 0xd9, 0xcc, 0x1a, 0x6c, 0x12, 0x28, 0x25, 0x04, 0x8b,
	0x92, 0x79, 0x33, 0x54, 0x84, 0x79, 0xcf, 0x84, 0xb1, 0xad, 0xa6, 0x9b, 0x90, 0x05, 0x9a, 0xaf,
	0xaa, 0x4f, 0x03, 0xc1, 0x95, 0x4c, 0xd1, 0x45, 0xc4, 0xbd, 0x74, 0x0c, 0x91, 0xab, 0x4a, 0x5c,
	0xf1, 0x2a, 0x1d, 0x56, 0x24, 0x69, 0x14, 0x3f, 0x09, 0xf7, 0x15, 0x98, 0x73, 0xcc, 0x34, 0xf4,
	0xd1, 0x6d, 0x33, 0x59, 0x80, 0x54, 0xe1, 0x49, 0x60, 0xa5, 0x7b, 0xb0, 0xe2, 0xc8, 0xed, 0x34,
	0x6e, 0x9a, 0x9d, 0xd8, 0xa3, 0x8e, 0xd0, 0x71, 0x55, 0x0e, 0x4b, 0xcb, 0x61, 0xec, 0x94, 0xb6,
	0xc2, 0x32, 0xb1, 0x43, 0xe9, 0x80, 0x25, 0xc2, 0xff, 0x83, 0xc7, 0xe6, 0x20, 0x90, 0xc2, 0x71,
	0x7d, 0x1e, 0x1e, 0x01, 0x44, 0xf7, 0x9a, 0xb3, 0x24, 0x94, 0xd3, 0x75, 0x5f, 0xcc, 0xc6, 0x14,
	0x45, 0xbe, 0xc8, 0xcd, 0xfe, 0xcb, 0x7e, 0xd1, 0xb1, 0x52, 0xe9, 0x16, 0xdb, 0xe6, 0x5a, 0xf9,
	0x7f, 0xec, 0x55, 0x31, 0xdc, 0x24, 0x7f, 0x80, 0xa5, 0xf6, 0xff, 0x8d, 0x7d, 0xf5, 0x3f, 0x4b,
	0xd3, 0xff, 0x2c, 0x4d, 0xff, 0xb3, 0x34, 0xfd, 0xff, 0xb5, 0x34, 0x99, 0x8b, 0xc9, 0x7d, 0xa5,
	0xaf, 0x5a, 0x1d, 0xac, 0x92, 0xfb, 0xc7, 0x7f, 0xce, 0x24, 0x66, 0x8d, 0xa8, 0x43, 0x57, 0xa4,
	0x94, 0x74, 0x1c, 0x05, 0x5d, 0x73, 0xcd, 0xc2, 0x2b, 0x79, 0x3a, 0x2d, 0x23, 0x75, 0xb7, 0xbf,
	0x66, 0x72, 0x71, 0xea, 0x67, 0xcb, 0x14, 0xbb, 0xbf, 0x17, 0xac, 0x09, 0x4c, 0xf9, 0x33, 0x89,
	0xbe, 0xd2, 0xca, 0x26, 0xfc, 0x70, 0x7c, 0x0a, 0x13, 0x44, 0x0f, 0xca, 0x95, 0x1c, 0xea, 0x36,
	0x66, 0x21, 0xb6, 0x44, 0xb8, 0x80, 0x46, 0x4d, 0x00, 0x02, 0xb0, 0x99, 0xea, 0xfd, 0x73, 0x95,
	0xde, 0x2d, 0xaf, 0x82, 0x21, 0xed, 0xdb, 0xca, 0x97, 0xcd, 0x1a, 0xb2, 0xe0, 0x49, 0x30, 0xbb,
	0x53, 0x05, 0x5d, 0xac, 0x7f, 0x14, 0x51, 0x42, 0xb0, 0x6d, 0xfe, 0x40, 0xa2, 0xe0, 0x9e, 0xc7,
	0x9d, 0x68, 0x22, 0x0d, 0x30, 0x32, 0xbf, 0x64, 0x08, 0xe9, 0x1b, 0x52, 0x1c, 0xe2, 0x65, 0xd3,
	0x92, 0x47, 0xb8, 0x66, 0x13, 0x11, 0x38, 0xf7, 0xb9, 0xd5, 0x52, 0x01, 0xa5, 0xc1, 0x6e, 0x84,
	0x2c, 0x9d, 0x1e, 0x5b, 0x63, 0x55, 0x12, 0x0a, 0x5f, 0x95, 0xde, 0xa2, 0xd1, 0x69, 0x86, 0x7f,
	0x6b, 0x50, 0x19, 0x0b, 0x7c, 0x30, 0x79, 0x05, 0xdc, 0x4a, 0x02, 0xe7, 0x01, 0xbc, 0x37, 0xbe,
	0x4b, 0x5e, 0xe9, 0x00, 0x34, 0x2a, 0x9e, 0x5d, 0xe4, 0xe3, 0x05, 0xe8, 0xa5, 0x0e, 0xc9, 0x5d,
	0x2f, 0xb2, 0x41, 0xab, 0x22, 0x7b, 0x33, 0x51, 0x57, 0xde, 0x48, 0x1a, 0x8e, 0x7f, 0xb6, 0x59,
	0x04, 0x98, 0x7b, 0xb7, 0x43, 0xcb, 0xd2, 0x23, 0xf3, 0xa8, 0xb3, 0xc9, 0xc3, 0x65, 0x74, 0x1f,
	0xd4, 0xa7, 0x2b, 0xfb, 0xfa, 0x33, 0xfa, 0xa1, 0xde, 0x8f, 0x7f, 0xc6, 0x83, 0x4f, 0x80, 0xba,
	0x78, 0x02, 0x1b, 0x02, 0x6a, 0xb5, 0x8c, 0x40, 0xf4, 0x15, 0x47, 0x6f, 0x9f, 0x80, 0x8d, 0x41,
	0x31, 0xfa, 0xf1, 0xc8, 0x72, 0xac, 0x47, 0x57, 0x20, 0xa0, 0xae, 0x64, 0xf4, 0x19, 0x08, 0x7b,
	0x8d, 0xc4, 0x90, 0xeb, 0xce, 0xb5, 0x58, 0x64, 0x42, 0x02, 0x4e, 0x72, 0xef, 0x9b, 0x17, 0x78,
	0xb8, 0x9f, 0xe3, 0x25, 0xf4, 0xb7, 0x79, 0x9d, 0xb5, 0xc2, 0x14, 0x0a, 0x20, 0xd8, 0xbc, 0x79,
	0x80, 0x47, 0xf5, 0xdb, 0x85, 0xde, 0x5d, 0xdb, 0x88, 0x85, 0x8c, 0x2b, 0x6b, 0x32, 0x5b, 0xd6,
	0x87, 0x1a, 0x9f, 0xe0, 0x3b, 0xaa, 0x7c, 0xd7, 0xaa, 0xc8, 0xde, 0x9e, 0xfc, 0x47, 0x06, 0xf5,
	0xa0, 0x4c, 0x31, 0x98, 0xff, 0x0a, 0x0f, 0xac, 0x5b, 0x7a, 0x81, 0xbc, 0x47, 0x8a, 0x50, 0xaf,
	0x26, 0x35, 0x7e, 0xbe, 0x84, 0xaf, 0x4d, 0x68, 0xc5, 0xc6, 0xb3, 0x43, 0x04, 0xee, 0xd0, 0x67,
	0x22, 0x0e, 0xf6, 0x54, 0x4f, 0xd1, 0xca, 0xa3, 0xa9, 0xf4, 0xa8, 0xc2, 0xd9, 0x94, 0x87, 0x4b,
	0x88, 0xe6, 0x05, 0xf0, 0x76, 0xb4, 0xac, 0x80, 0x91, 0xc9, 0xe8, 0x2c, 0xdc, 0xa4, 0x49, 0xbd,
	0xce, 0x0a, 0x4f, 0xc3, 0x15, 0x28, 0xcf, 0x59, 0x71, 0x45, 0x6a, 0x3c, 0x70, 0x03, 0x51, 0x18,
	0x87, 0xa1, 0xcf, 0xdd, 0x40, 0x6b, 0x1e, 0xdf, 0xd4, 0x16, 0x57, 0x1a, 0xc6, 0x3a, 0x1b, 0x40,
	0xb1, 0xbd, 0x00, 0x86, 0x08, 0xe3, 0xd2, 0x73, 0x1e, 0x37, 0xb1, 0xa7, 0x39, 0x34, 0xe0, 0x4b,
	0x4b, 0x92, 0xb7, 0x0a, 0x23, 0x9d, 0xda, 0x20, 0x5d, 0xd0, 0x47, 0x65, 0x15, 0x72, 0x48, 0xe8,
	0x14, 0xba, 0x17, 0x69, 0x1a, 0x8b, 0x9e, 0x69, 0x5c, 0xea, 0xe2, 0x4b, 0x18, 0x3f, 0x3d, 0x9d,
	0x56, 0x8c, 0xa9, 0x8c, 0x05, 0xe6, 0xb0, 0x0b, 0x0c, 0x4b, 0x35, 0x85, 0xbe, 0xed, 0x2c, 0xdd,
	0xa8, 0xd9, 0xfc, 0x84, 0xd3, 0xd8, 0x16, 0x27, 0xbc, 0x7c, 0x26, 0x8d, 0xfc, 0xdf, 0xec, 0x4f,
	0x6b, 0x7c, 0x79, 0x3f, 0x6c, 0xfc, 0x69, 0x4d, 0xef, 0xef, 0x1b, 0xff, 0x96, 0x55, 0x84, 0x12,
	0x62, 0x95, 0x32, 0x3d, 0xce, 0x79, 0x30, 0xa5, 0x23, 0x2c, 0xe4, 0x45, 0xb1, 0x98, 0xf7, 0x53,
	0x13, 0x61, 0xc7, 0x82, 0xea, 0x42, 0xd9, 0xa6, 0xde, 0x29, 0xaa, 0xb3, 0x41, 0x23, 0x36, 0xee,
	0x71, 0x95, 0x69, 0x0f, 0xf8, 0xb3, 0xe4, 0x79, 0x32, 0x66, 0x6e, 0xc2, 0x27, 0x38, 0x6f, 0x55,
	0xaa, 0xa9, 0x39, 0x59, 0xf1, 0x80, 0xac, 0x5d, 0x12, 0x71, 0x18, 0x96, 0x34, 0x95, 0x89, 0x44,
	0x1e, 0x70, 0x33, 0x01, 0x73, 0xcb, 0x8d, 0x12, 0x90, 0x5a, 0x5a, 0x49, 0x1d, 0xa3, 0x7f, 0x1b,
	0xd7, 0xd8, 0x8a, 0x5a, 0xea, 0xec, 0xbc, 0xfc, 0x34, 0x34, 0x3c, 0x28, 0x10, 0xd4, 0x6d, 0x3c,
	0xb3, 0x44, 0xb6, 0x5f, 0x91, 0x9f, 0x92, 0xb7, 0xd5, 0x52, 0x27, 0x02, 0xd2, 0xc9, 0x8f, 0x27,
	0x7f, 0x5a, 0xe3, 0xde, 0x1b, 0xca, 0xd5, 0xba, 0xa7, 0x23, 0x1a, 0xc5, 0x8d, 0xa6, 0x85, 0x46,
	0x27, 0x0b, 0x7e, 0x1d, 0xe3, 0x35, 0xda, 0xa0, 0x0d, 0xf6, 0x5e, 0x9e, 0x1a, 0xd7, 0x74, 0x57,
	0x21, 0x89, 0x67, 0x8a, 0xa9, 0x33, 0x26, 0xff, 0x3d, 0xd0, 0xe9, 0x46, 0x87, 0x90, 0x0d, 0xa9,
	0xab, 0x45, 0xb7, 0xa4, 0x5e, 0x39, 0xa3, 0x5e, 0x3e, 0x1c, 0x28, 0x01, 0x50, 0xd1, 0x06, 0x74,
	0x31, 0x91, 0x2c, 0x97, 0x6a, 0xb8, 0x4a, 0x92, 0x7c, 0xc0, 0xb3, 0x78, 0xf2, 0x13, 0xc0, 0x60,
	0x42, 0x61, 0x4a, 0x8d, 0x17, 0x60, 0x34, 0xc1, 0xb0, 0x02, 0x69, 0x66, 0xea, 0x45, 0x69, 0x02,
	0x14, 0x0a, 0x2d, 0x49, 0x9c, 0xeb, 0x47, 0x87, 0x51, 0xa9, 0xe7, 0x8e, 0x76, 0x99, 0x24, 0xae,
	0x3f, 0xd2, 0x48, 0x1f, 0xa9, 0x63, 0x28, 0xac, 0x02, 0x9c, 0x19, 0x39, 0x9d, 0xcb, 0x82, 0xad,
	0x50, 0x2c, 0x0e, 0x6f, 0x76, 0xe4, 0x27, 0x86, 0x65, 0x4d, 0x8e, 0x22, 0xf0, 0x96, 0xf1, 0x1d,
	0x33, 0x70, 0xe4, 0x87, 0x36, 0x2c, 0x20, 0xfc, 0xae, 0xd0, 0x9e, 0x38, 0xe0, 0x72, 0x88, 0x54,
	0x75, 0x92, 0x08, 0x7a, 0x03, 0x03, 0x00, 0x0a, 0x56, 0x84, 0x4a, 0x99, 0x13, 0x73, 0x3a, 0x41,
	0xb6, 0xb9, 0x3f, 0xda, 0x9f, 0xdb, 0x16, 0xb3, 0x8a, 0xc8, 0x8e, 0xdd, 0xe9, 0x9c, 0x9f, 0x22,
	0x06, 0x18, 0xb3, 0x47, 0x42, 0xa1, 0x9c, 0xa3, 0xed, 0xc2, 0xa8, 0x62, 0xd3, 0xe7, 0xb6, 0x78,
	0xec, 0xab, 0x47, 0xb5, 0x21, 0xa7, 0x0a, 0xd4, 0x25, 0x9e, 0xfc, 0x5b, 0x05, 0xe9, 0xed, 0xd9,
	0xdf, 0x5e, 0x13, 0x8c, 0xf3, 0xd7, 0x17, 0x97, 0x2f, 0xce, 0x2f, 0xf3, 0xda, 0x94, 0x0c, 0x43,
	0x67, 0x6d, 0x66, 0x33, 0x57, 0xf2, 0xc2, 0x2c, 0xcd, 0xa5, 0xb4, 0x95, 0x73, 0x09, 0xcb, 0x8a,
	0xff, 0xdb, 0x3c, 0xdd, 0x53, 0x4c, 0x11, 0xe0, 0x56, 0xfd, 0xe8, 0x4e, 0x60, 0xf8, 0xc9, 0xd5,
	0x38, 0xbc, 0x6d, 0x30, 0x34, 0x48, 0xda, 0x78, 0x7b, 0x22, 0x88, 0x34, 0xf8, 0x73, 0xdf, 0x60,
	0x24, 0xda, 0x9e, 0x5b, 0x54, 0x84, 0xb6, 0x70, 0x59, 0xf7, 0xda, 0x01, 0x9e, 0x44, 0x72, 0x71,
	0x06, 0x1c, 0x48, 0x1e, 0x51, 0xc7, 0xb2, 0x69, 0x92, 0xca, 0x1a, 0x78, 0xaa, 0xa7, 0x3e, 0xc9,
	0x04, 0x02, 0x6d, 0xbc, 0x57, 0xf6, 0x2a, 0xbb, 0xf9, 0x57, 0x9d, 0xfb, 0xf9, 0xef, 0xac, 0x6b,
	0x72, 0x31, 0xd6, 0x7a, 0x48, 0x6b, 0x9a, 0xde, 0x43, 0x6d, 0x68, 0x71, 0x64, 0x90, 0xd9, 0xa0,
	0xa0, 0x91, 0x8c, 0x8e, 0x1a, 0x82, 0x4a, 0x91, 0xc2, 0x17, 0x6f, 0xa9, 0x70, 0x0b, 0x88, 0x5d,
	0x7e, 0x8b, 0xb9, 0x40, 0x98, 0xd5, 0x55, 0x80, 0x1f, 0x46, 0x64, 0xc4, 0xe7, 0xab, 0x2c, 0x2d,
	0x07, 0x21, 0x2d, 0x00, 0xcf, 0x42, 0x3a, 0x41, 0x5f, 0x2c, 0x0a, 0x48, 0xb2, 0x90, 0x08, 0x16,
	0x02, 0x1a, 0x32, 0x9a, 0x82, 0xbc, 0xff, 0xdc, 0x52, 0xb7, 0x86, 0x12, 0xf5, 0x40, 0x08, 0x09,
	0x9c, 0x9f, 0x8b, 0x3f, 0x9f, 0xc2, 0xcf, 0xbf, 0xfd, 0x16, 0xf6, 0x43, 0x10, 0x48, 0x02, 0xdc,
	0xc9, 0xbf, 0x5b, 0xda, 0xfa, 0x61, 0x62, 0x33, 0x09, 0x39, 0x1e, 0x1a, 0x3e, 0x64, 0x35, 0xcb,
	0x2e, 0xb2, 0x11, 0x48, 0xc7, 0x84, 0xc3, 0x5a, 0x4b, 0x87, 0xaa, 0x3a, 0x84, 0x9b, 0x30, 0xfa,
	0xf2, 0xe7, 0x9c, 0x85, 0x74, 0x46, 0x91, 0x27, 0xec, 0x96, 0x79, 0x60, 0xdb, 0x78, 0xff, 0x69,
	0x2d, 0xf0, 0xba, 0x87, 0xc1, 0x86, 0xee, 0x03, 0xc5, 0xa0, 0x33, 0x02, 0xda, 0xc6, 0x21, 0x95,
	0xeb, 0x7c, 0x79, 0x50, 0xd5, 0xba, 0x5d, 0x58, 0xd9, 0x49, 0x04, 0xd1, 0x71, 0x01, 0xc3, 0x86,
	0x1b, 0xdc, 0x35, 0x34, 0x1b, 0x36, 0xef, 0x85, 0xce, 0xd8, 0x82, 0x2a, 0xd0, 0x0f, 0x02, 0x78,
	0x5f, 0xd1, 0xb5, 0x6c, 0xe8, 0xe0, 0xc7, 0x0e, 0x3d, 0x25, 0xda, 0xbe, 0xf1, 0x43, 0xd7, 0xa0,
	0x2e, 0x74, 0x7b, 0x53, 0x37, 0x51, 0xc3, 0xa9, 0x9e, 0x9a, 0x95, 0xb8, 0x16, 0x3a, 0xfd, 0xb5,
	0xb0, 0x2e, 0x70, 0x44, 0x15, 0xce, 0x5b, 0x71, 0x14, 0x87, 0x70, 0xff, 0x6e, 0x7c, 0x34, 0x34,
	0x0c, 0x2c, 0x0c, 0x91, 0x5e, 0xa7, 0x1a, 0x08, 0x29, 0x4f, 0x73, 0xa7, 0xc1, 0x68, 0x29, 0xc7,
	0x86, 0x9b, 0xea, 0xe8, 0x4a, 0x9a, 0xa3, 0xbf, 0xfd, 0x86, 0xc9, 0x78, 0x99, 0x60, 0x6f, 0xa0,
	0x60, 0xff, 0xee, 0x97, 0x55, 0x98, 0x0e, 0xac, 0xd6, 0x7d, 0x43, 0xcd, 0xc0, 0x7b, 0x66, 0x48,
	0x26, 0x12, 0xce, 0x30, 0x7d, 0x73, 0x79, 0x4f, 0x45, 0x33, 0x99, 0x7d, 0x5f, 0x52, 0x04, 0x4e,
	0xe4, 0x60, 0xdd, 0x9b, 0x6b, 0x3f, 0xa3, 0x75, 0xdf, 0x88, 0x21, 0x42, 0x8f, 0x5a, 0xba, 0x0d,
	0x21, 0x35, 0x32, 0xbd, 0x08, 0x40, 0x68, 0xe5, 0x1a, 0xef, 0x76, 0xed, 0x0e, 0x63, 0xa5, 0xa8,
	0x0c, 0xb7, 0x1c, 0x8a, 0x54, 0x3b, 0xf2, 0x8c, 0x65, 0xa6, 0xbc, 0x42, 0xb9, 0xde, 0x57, 0xfa,
	0x3e, 0xc6, 0x7d, 0x34, 0xd6, 0x60, 0xb7, 0x76, 0xe4, 0xb9, 0xbb, 0x55, 0xed, 0xcc, 0x7c, 0x7e,
	0x5b, 0x54, 0xc6, 0x8d, 0x11, 0x37, 0x0d, 0x9b, 0xa2, 0x0e, 0x82, 0x86, 0x95, 0xeb, 0x0f, 0xb4,
	0x24, 0x72, 0x53, 0x2d, 0x28, 0xa2, 0xa4, 0xad, 0xef, 0x2d, 0xad, 0x56, 0x72, 0x4d, 0x69, 0xaf,
	0xf9, 0x21, 0xa9, 0xb9, 0x82, 0x03, 0x93, 0x50, 0x13, 0xc4, 0xe4, 0x1d, 0x93, 0xcf, 0x49, 0x6e,
	0x29, 0x1a, 0xc7, 0xa2, 0x52, 0xca, 0x70, 0xd6, 0x00, 0xb1, 0xe2, 0xf3, 0x62, 0x42, 0xb1, 0xac,
	0x20, 0x15, 0x05, 0x73, 0xee, 0x98, 0xc0, 0x84, 0xb9, 0xbe, 0x01, 0x9e, 0xca, 0x71, 0x2e, 0x80,
	0xc4, 0x7f, 0x56, 0x11, 0xcc, 0x33, 0xfe, 0x92, 0x32, 0x0c, 0x92, 0x52, 0xde, 0x7c, 0xe1, 0xab,
	0x66, 0x1e, 0xa0, 0x7b, 0xd1, 0xc4, 0x02, 0xcd, 0xc5, 0xcd, 0x83, 0x9d, 0x1d, 0x9c, 0x0c, 0xa3,
	0xac, 0xa5, 0x8d, 0x05, 0x22, 0x69, 0x76, 0x73, 0x5d, 0xd1, 0x56, 0x9b, 0xae, 0xa5, 0x2a, 0xf9,
	0xf9, 0x03, 0xcc, 0x3c, 0x20, 0x67, 0xb5, 0x28, 0x46, 0x39, 0xf9, 0xc1, 0x49, 0x17, 0xd6, 0x44,
	0x5c, 0x0c, 0x5b, 0xd2, 0x39, 0x6b, 0x1a, 0x49, 0x2f, 0xe8, 0xe2, 0xe5, 0x7d, 0x30, 0x96, 0x84,
	0x8b, 0x6d, 0x1f, 0x4f, 0x2e, 0xa0, 0xbc, 0x8c, 0x4d, 0x7b, 0x12, 0xa0, 0x8e, 0xbc, 0x6e, 0xc1,
	0x20, 0x07, 0xa6, 0x76, 0x0c, 0x77, 0xea, 0x39, 0x75, 0x13, 0x9e, 0xcb, 0xd9, 0x85, 0xf2, 0x7d,
	0x21, 0x14, 0x47, 0x68, 0xe2, 0xae, 0x1c, 0xc7, 0x11, 0x73, 0x09, 0xb5, 0xb4, 0x10, 0x73, 0x0c,
	0x3a, 0x36, 0x79, 0x68, 0x98, 0xa2, 0x5d, 0x49, 0xad, 0xc7, 0xdb, 0xa0, 0x8c, 0x31, 0xfa, 0xac,
	0x98, 0x91, 0x82, 0x4f, 0x0f, 0xd7, 0xdf, 0xe3, 0x6a, 0x37, 0x18, 0xde, 0xbc, 0x62, 0x3d, 0xaa,
	0xf0, 0x78, 0x21, 0x47, 0x3e, 0xb2, 0x86, 0x95, 0xdf, 0xc8, 0x3c, 0xd7, 0x75, 0xcc, 0x58, 0x84,
	0x96, 0xb2, 0xb5, 0xa1, 0x34, 0xd7, 0xb4, 0x89, 0x2c, 0x91, 0xda, 0x32, 0x0b, 0x36, 0x46, 0x8d,
	0xf4, 0x69, 0xbe, 0x7d, 0xae, 0x48, 0x5f, 0xcd, 0xd5, 0xa3, 0x47, 0x1b, 0x56, 0x33, 0xe1, 0x5d,
	0x03, 0x80, 0x8f, 0x2c, 0x60, 0xb8, 0x47, 0xd0, 0x23, 0xf2, 0xad, 0x3d, 0x57, 0xce, 0x35, 0x58,
	0x2f, 0xa4, 0x4b, 0xad, 0x95, 0xfb, 0xd4, 0xf2, 0x14, 0x2b, 0xf8, 0xa4, 0x83, 0x57, 0xee, 0xa2,
	0x3c, 0xb0, 0xba, 0x57, 0xd9, 0x4c, 0x45, 0x4c, 0x75, 0xaf, 0x02, 0x62, 0xee, 0x54, 0x02, 0x5a,
	0x03, 0xa5, 0x25, 0x18, 0xe8, 0x92, 0x25, 0xa4, 0x29, 0x20, 0x1c, 0x5e, 0xe5, 0x73, 0x06, 0x5e,
	0xbb, 0xe2, 0xcc, 0x22, 0x8d, 0x67, 0xab, 0x78, 0x53, 0x5d, 0x3f, 0x22, 0xb8, 0xb3, 0x52, 0x9e,
	0x14, 0x66, 0x51, 0xe2, 0x5e, 0xf3, 0x17, 0xc1, 0x54, 0x4e, 0x3c, 0x39, 0x8f, 0x14, 0x5f, 0xe9,
	0x13, 0x8c, 0x20, 0x4a, 0x5f, 0xe7, 0x79, 0x7e, 0xfb, 0x49, 0x76, 0xf3, 0x09, 0x4c, 0x09, 0x51,
	0xa6, 0xd2, 0x37, 0x9b, 0x25, 0x20, 0x1b, 0x22, 0x4d, 0x26, 0x5f, 0x99, 0x93, 0xb8, 0x70, 0xc8,
	0x35, 0x00, 0xd6, 0xb9, 0x4f, 0x78, 0x70, 0x4c, 0x6e, 0xa3, 0xcd, 0x1c, 0x4d, 0xb5, 0xf7, 0xc8,
	0xf4, 0xa2, 0xd4, 0x10, 0x22, 0xeb, 0x8a, 0xba, 0xaf, 0x25, 0x3b, 0x0c, 0xc5, 0xaa, 0xa6, 0x13,
	0x76, 0x21, 0x8c, 0xb9, 0x3c, 0xc6, 0x40, 0xe1, 0x6a, 0x38, 0xb0, 0xcf, 0x45, 0x11, 0x71, 0x21,
	0x87, 0x72, 0xf7, 0xa0, 0x07, 0x56, 0xd6, 0x91, 0xd7, 0xa9, 0x0b, 0x09, 0xa7, 0xdf, 0x1a, 0xf3,
	0x9c, 0x5d, 0x2e, 0xbc, 0x0c, 0x05, 0x2c, 0x87, 0xb6, 0x7e, 0x7b, 0x09, 0xdc, 0x1f, 0xab, 0x33,
	0xa4, 0x55, 0x6d, 0xd4, 0x01, 0x12, 0xaa, 0x1d, 0x52, 0xf2, 0xda, 0x95, 0x74, 0xf6, 0xae, 0xc4,
	0x69, 0x1d, 0x8e, 0xee, 0x31, 0x37, 0x07, 0x2c, 0xc4, 0x55, 0xb0, 0x12, 0x19, 0x29, 0xd1, 0x24,
	0x5d, 0x32, 0x71, 0x54, 0x31, 0x90, 0xd9, 0xd1, 0xc1, 0x8a, 0xb1, 0xb5, 0x80, 0x82, 0x20, 0x58,
	0xb3, 0x35, 0x3c, 0xc9, 0x67, 0x87, 0x26, 0xda, 0xb4, 0xbc, 0xfa, 0xf3, 0x6a, 0xd1, 0xa5, 0xf6,
	0x0a, 0xe8, 0x96, 0xca, 0x0c, 0xb7, 0x02, 0x9c, 0x17, 0xa4, 0x11, 0x2b, 0x1e, 0x90, 0x6e, 0x3a,
	0x79, 0xa9, 0x86, 0xb6, 0x1b, 0x40, 0x07, 0xb8, 0x1b, 0x7b, 0x15, 0x94, 0xd3, 0x4d, 0xfc, 0x26,
	0xd5, 0xd7, 0x2a, 0xae, 0x13, 0xff, 0xa9, 0xe2, 0x3d, 0x5d, 0x76, 0x58, 0x8a, 0xa5, 0x14, 0x8b,
	0xe9, 0x62, 0xee, 0x3e, 0x13, 0x38, 0xf9, 0x48, 0xd2, 0x29, 0x82, 0x42, 0x76, 0x55, 0x8b, 0x9c,
	0x4c, 0x5c, 0x65, 0x3b, 0x7e, 0xf6, 0xaa, 0x21, 0xe9, 0xe1, 0xac, 0x7a, 0x50, 0xe6, 0xbe, 0x35,
	0x8e, 0x72, 0x1b, 0xc6, 0x95, 0x92, 0x29, 0x90, 0xa1, 0xea, 0x17, 0x68, 0x2c, 0x91, 0x95, 0x97,
	0x13, 0x26, 0xe7, 0x08, 0x19, 0x3d, 0x98, 0x45, 0x89, 0x8d, 0xa1, 0xa1, 0xba, 0x34, 0x8b, 0xaa,
	0xa4, 0x09, 0x75, 0x8f, 0xbc, 0x96, 0x2f, 0x31, 0x3c, 0x91, 0x39, 0x16, 0x0f, 0x49, 0xb2, 0x90,
	0x95, 0xf6, 0xb2, 0x1c, 0x0b, 0xe5, 0xbf, 0x86, 0x06, 0x9e, 0x23, 0xcf, 0x6d, 0xd8, 0x7a, 0x36,
	0x76, 0xe3, 0x36, 0xee, 0xb8, 0x2c, 0xaa, 0x3f, 0xf0, 0x4e, 0x46, 0xed, 0xa3, 0x24, 0x07, 0x08,
	0x18, 0x3c, 0x37, 0x98, 0x58, 0x3a, 0x59, 0xc3, 0x8d, 0xbb, 0x37, 0xa8, 0x11, 0xa8, 0xaa, 0x31,
	0x04, 0xd4, 0x28, 0x6c, 0x7c, 0xc4, 0x32, 0x08, 0x87, 0xf4, 0x2c, 0x28, 0xac, 0x27, 0x35, 0xa0,
	0x6f, 0x20, 0x0c, 0xc8, 0x13, 0x80, 0xd1, 0x5d, 0xc3, 0x1e, 0xb9, 0xd7, 0xe2, 0xba, 0xe6, 0x18,
	0x9f, 0xfd, 0x54, 0xdc, 0x05, 0x56, 0x18, 0xd8, 0xec, 0x92, 0x9a, 0xda, 0x7d, 0x9b, 0xc5, 0x9e,
	0x14, 0x6f, 0x6d, 0xb1, 0x74, 0x6d, 0x1e, 0x6f, 0x6e, 0xd9, 0xa9, 0x2e, 0x14, 0x2c, 0x6c, 0xff,
	0xcc, 0x35, 0x74, 0x99, 0x10, 0x24, 0xbf, 0x43, 0xc9, 0xe2, 0xfa, 0xf8, 0x56, 0x18, 0x4f, 0x99,
	0xea, 0x56, 0xe4, 0xc4, 0x1a, 0x7d, 0xca, 0xfb, 0xc5, 0xd2, 0x18, 0xc3, 0xd4, 0x8b, 0xe0, 0x85,
	0x19, 0x8b, 0x8a, 0x45, 0xa2, 0x89, 0x2e, 0xab, 0x50, 0x43, 0x4c, 0xc9, 0xfb, 0x67, 0xe5, 0xd7,
	0x28, 0x95, 0xfe, 0x23, 0xce, 0x9a, 0xa7, 0x4b, 0xd3, 0xc0, 0xea, 0xfe, 0xd7, 0x1e, 0x0e, 0x26,
	0x26, 0x7e, 0xe1, 0x61, 0x39, 0x68, 0xd4, 0x72, 0x37, 0x6d, 0xf6, 0x3a, 0x94, 0xde, 0x00, 0x1f,
	0x75, 0x45, 0x25, 0xd3, 0x33, 0x23, 0xd4, 0x32, 0x63, 0x95, 0xe9, 0xa2, 0xe7, 0xb6, 0x42, 0xeb,
	0x8f, 0x70, 0xc7, 0x9a, 0x43, 0x64, 0x14, 0x86, 0x72, 0xe4, 0x4e, 0x5f, 0x07, 0xd3, 0xe6, 0xc1,
	0x31, 0xc2, 0x94, 0x06, 0x52, 0x24, 0x0c, 0x74, 0xf6, 0x1c, 0xb8, 0xa6, 0x9d, 0x97, 0xe9, 0x52,
	0xbb, 0xf0, 0x15, 0x1d, 0x02, 0x54, 0xbb, 0x8c, 0x86, 0x26, 0x2a, 0xcb, 0xa4, 0x07, 0x04, 0x36,
	0x28, 0x6a, 0xe5, 0xf2, 0x78, 0xd1, 0x90, 0x23, 0xe2, 0x3e, 0xde, 0x4c, 0x11, 0xd5, 0x26, 0x57,
	0x1d, 0x48, 0xb4, 0x56, 0x59, 0x2b, 0x23, 0x90, 0xdb, 0xe1, 0x14, 0x40, 0x68, 0x12, 0xb1, 0x82,
	0x5d, 0x5e, 0x53, 0x04, 0x58, 0x17, 0x8a, 0x03, 0x56, 0x95, 0x00, 0x91, 0x5f, 0xb7, 0x54, 0x91,
	0x48, 0xb6, 0x91, 0xa7, 0x94, 0x6b, 0x5f, 0xf0, 0x94, 0x14, 0xca, 0xf2, 0xc6, 0x26, 0x15, 0xed,
	0x95, 0x62, 0x58, 0x2e, 0xe8, 0x7a, 0x8a, 0x14, 0x18, 0xf4, 0x63, 0x79, 0x46, 0xc9, 0x4b, 0xf8,
	0xd9, 0xfc, 0xb4, 0x85, 0x6a, 0x9f, 0xed, 0x35, 0x8e, 0x5f, 0xdf, 0x22, 0x45, 0x52, 0xe4, 0x66,
	0xef, 0xe3, 0xfe, 0x6c, 0xeb, 0xde, 0xd8, 0xd9, 0xe5, 0x6e, 0xf0, 0xd2, 0xbb, 0x0a, 0x6d, 0x57,
	0x65, 0x75, 0x7f, 0x3c, 0x7f, 0x2b, 0x0b, 0x89, 0x60, 0x1a, 0x3c, 0x37, 0x11, 0xb3, 0xac, 0x9c,
	0x4a, 0xf1, 0x46, 0x92, 0x7a, 0xbf, 0x8c, 0xc4, 0x44, 0x1e, 0x59, 0x8f, 0xb2, 0xdc, 0x74, 0xcc,
	0x46, 0x3f, 0xbb, 0x78, 0xaf, 0x52, 0xd1, 0xe5, 0x46, 0xc9, 0x8e, 0xdd, 0x7d, 0xaa, 0x79, 0x73,
	0xfa, 0xe8, 0xcd, 0x69, 0xa3, 0x1e, 0x4c, 0x5b, 0xca, 0x2d, 0x05, 0x9d, 0x22, 0x44, 0x6a, 0x83,
	0x2d, 0xe2, 0x12, 0xf3, 0xeb, 0xf0, 0x4a, 0xc3, 0x45, 0x20, 0x2a, 0x0b, 0x48, 0x12, 0x9b, 0x57,
	0xbb, 0x8b, 0xf1, 0x13, 0x8b, 0xae, 0xce, 0x13, 0x55, 0xe3, 0x61, 0xae, 0x91, 0x72, 0x6c, 0xaa,
	0x98, 0x22, 0xbb, 0xe4, 0x8a, 0x7c, 0x45, 0x5a, 0x12, 0x08, 0x5d, 0x34, 0x2b, 0x9d, 0x9c, 0x62,
	0xdb, 0xc6, 0xa7, 0xce, 0x67, 0x99, 0x4e, 0xf0, 0x0d, 0x3e, 0xeb, 0xe9, 0x0e, 0x05, 0x66, 0x4a,
	0x45, 0x10, 0x41, 0x6e, 0xb9, 0xc7, 0x23, 0xe0, 0xf0, 0x4d, 0xd3, 0xdc, 0x41, 0x59, 0xd8, 0x93,
	0xaf, 0xb1, 0xdc, 0xbe, 0x40, 0xca, 0xb2, 0xd7, 0xe2, 0x52, 0xcb, 0xbe, 0xf5, 0xe1, 0xfd, 0xc5,
	0xa5, 0x65, 0x8b, 0x78, 0x5b, 0xd2, 0x5f, 0x5b, 0x92, 0xfb, 0xdb, 0x28, 0x82, 0xac, 0x2a, 0x46,
	0xb1, 0xd1, 0xc9, 0xd5, 0xc7, 0x56, 0x4d, 0x9e, 0xc9, 0x33, 0x32, 0xf2, 0x2d, 0xff, 0x92, 0xbb,
	0x29, 0x47, 0xa2, 0x9a, 0xf2, 0xea, 0xda, 0x7b, 0x96, 0xac, 0xe8, 0x2a, 0x48, 0x3c, 0x3f, 0x2f,
	0xdb, 0xe9, 0xa3, 0x65, 0x48, 0x58, 0xe2, 0xfe, 0x31, 0xb2, 0xe2, 0x7e, 0x2e, 0x5b, 0x71, 0x91,
	0x2b, 0x4e, 0x3f, 0xc4, 0x21, 0xc2, 0x8b, 0x21, 0x5a, 0xb6, 0x96, 0xcd, 0x5a, 0x1c, 0x4e, 0x79,
	0x95, 0xd9, 0xc6, 0xe1, 0x94, 0x9e, 0x50, 0x29, 0x0c, 0x45, 0xf4, 0x45, 0xac, 0x8f, 0xfa, 0x45,
	0x7c, 0x53, 0x79, 0x9d, 0x2e, 0x5e, 0xe5, 0x22, 0xae, 0xe1, 0xc3, 0x15, 0x40, 0x5c, 0xd5, 0x2d,
	0x4f, 0xd3, 0x8b, 0xbd, 0xa9, 0x54, 0x0c, 0x51, 0x4f, 0x82, 0x75, 0x54, 0x50, 0xeb, 0xec, 0xa7,
	0xfc, 0x88, 0x21, 0xc1, 0x19, 0x3e, 0xe0, 0x84, 0x07, 0x50, 0xf7, 0xd9, 0xa7, 0x75, 0xd0, 0xb7,
	0xee, 0x46, 0xe1, 0x0c, 0x4f, 0x56, 0x99, 0xf4, 0xbb, 0xf7, 0x36, 0xbe, 0x58, 0x15, 0x5f, 0x5c,
	0x17, 0x5f, 0x2c, 0x5d, 0x98, 0x3f, 0xb7, 0xf8, 0xe2, 0xa9, 0x0d, 0xf0, 0x92, 0xfe, 0xe1, 0xfd,
	0x67, 0xcc, 0x37, 0x8d, 0x0f, 0xee, 0x24, 0xd0, 0x8a, 0x12, 0x54, 0x13, 0x16, 0xcf, 0xd1, 0x5d,
	0xf7, 0x58, 0xc0, 0xa2, 0x3a, 0xe1, 0x78, 0x22, 0xeb, 0x00, 0x05, 0x46, 0xb1, 0xde, 0x2c, 0x3c,
	0xcf, 0x4b, 0x2f, 0xc6, 0x85, 0x17, 0x63, 0x13, 0xd6, 0x28, 0xea, 0x7e, 0x35, 0x70, 0x53, 0xb0,
	0x88, 0x12, 0xd7, 0x53, 0xf8, 0x4d, 0xbd, 0x78, 0x94, 0x2e, 0xf0, 0x2c, 0x8e, 0xac, 0x06, 0x9f,
	0xce, 0xf9, 0x48, 0x9c, 0x2a, 0x3c, 0xba, 0xab, 0x79, 0x3f, 0xd1, 0x20, 0xd2, 0xa8, 0x8f, 0xc4,
	0x8e, 0x1f, 0x01, 0x74, 0x16, 0xf3, 0x5f, 0xaa, 0xa1, 0x82, 0x12, 0xc9, 0x8b, 0x5f, 0x26, 0x0b,
	0xd0, 0x56, 0x5d, 0x7a, 0x3b, 0x5a, 0xba, 0xb7, 0x75, 0x5f, 0xbc, 0xda, 0x3a, 0x78, 0x54, 0x51,
	0xf6, 0x05, 0x37, 0xaa, 0x62, 0x86, 0x63, 0xa1, 0x82, 0xf6, 0x3a, 0xd0, 0x70, 0x9f, 0xc4, 0x61,
	0x82, 0x77, 0x08, 0x5d, 0x49, 0xcc, 0x55, 0xb1, 0xaa, 0x9a, 0xe3, 0x3b, 0x49, 0x8e, 0x9e, 0x18,
	0xfd, 0x9e, 0xf8, 0x9e, 0xe6, 0xe7, 0xf5, 0x64, 0x75, 0x40, 0x53, 0x04, 0xab, 0x4e, 0x6b, 0xe7,
	0x66, 0x1a, 0x8f, 0x26, 0x2b, 0xb0, 0x91, 0x46, 0xee, 0xf4, 0x5a, 0xb5, 0x85, 0xd7, 0xae, 0x6a,
	0x95, 0x88, 0x7f, 0x47, 0x74, 0x65, 0xe0, 0xa8, 0x53, 0xf3, 0xbe, 0xab, 0x23, 0x86, 0x77, 0xb4,
	0xe0, 0x76, 0x48, 0xf1, 0x4d, 0xa7, 0x0e, 0xb5, 0x84, 0x41, 0xba, 0x51, 0x82, 0x07, 0x56, 0x11,
	0x1a, 0x74, 0x4a, 0x57, 0xee, 0xb3, 0xa0, 0x38, 0x93, 0xba, 0xab, 0x33, 0xcb, 0x26, 0xd3, 0x75,
	0x6a, 0x7c, 0x29, 0x0e, 0xab, 0xc2, 0x6d, 0xf9, 0x8e, 0x10, 0x2b, 0x2a, 0x22, 0x9b, 0x08, 0x7d,
	0x33, 0x55, 0xdb, 0xf3, 0xa9, 0x70, 0xb2, 0x1a, 0x8b, 0xd5, 0x13, 0x16, 0x1f, 0xfc, 0x48, 0x27,
	0x05, 0xc8, 0x4d, 0x5b, 0x4a, 0x78, 0xcb, 0x5b, 0xb4, 0xb2, 0x19, 0xfc, 0x09, 0x61, 0x29, 0xf9,
	0x2d, 0x3f, 0x7f, 0xf7, 0x1d, 0x81, 0xc6, 0xb3, 0x10, 0x84, 0xf4, 0xc6, 0xfb, 0x3c, 0x5f, 0xcb,
	0x9b, 0x57, 0xdf, 0x84, 0xf1, 0xb2, 0x89, 0x95, 0x84, 0x78, 0xd2, 0x53, 0x46, 0x37, 0xe9, 0xbf,
	0xc6, 0xc5, 0xad, 0x35, 0x1b, 0x8a, 0x36, 0xd5, 0xd7, 0x2e, 0x70, 0xdd, 0xe0, 0xd4, 0xdf, 0x06,
	0x25, 0xbf, 0xda, 0x15, 0x80, 0x28, 0xe9, 0x98, 0xef, 0x6b, 0xdb, 0x5e, 0x55, 0x04, 0x22, 0x5b,
	0x86, 0x64, 0x7d, 0x58, 0x4d, 0x3a, 0xc0, 0xbb, 0x99, 0xef, 0x54, 0x28, 0xac, 0xbb, 0x25, 0x52,
	0x53, 0xed, 0x1f, 0x4d, 0x06, 0xc9, 0x4f, 0xfe, 0x1c, 0x3e, 0x84, 0xe8, 0x1b, 0xf9, 0x20, 0x6b,
	0x47, 0x5b, 0xcc, 0xb1, 0x50, 0x6b, 0xad, 0xa9, 0x6e, 0xbf, 0x63, 0x84, 0x64, 0x78, 0x87, 0xe5,
	0xc8, 0x9b, 0x3c, 0x50, 0xb8, 0x30, 0x53, 0xa1, 0xde, 0x10, 0xc9, 0x2b, 0x15, 0xfb, 0x1a, 0xf3,
	0xeb, 0x58, 0xf5, 0x3b, 0x51, 0xe9, 0x8e, 0x53, 0x69, 0x28, 0xc1, 0xe2, 0x98, 0xf5, 0x0a, 0xf4,
	0x2e, 0x47, 0xde, 0x66, 0x27, 0xfe, 0xb5, 0x06, 0xbf, 0x4b, 0xd9, 0xad, 0xe8, 0xc5, 0x10, 0x98,
	0xa1, 0x42, 0xcd, 0x8d, 0xe8, 0xd0, 0x87, 0xa1, 0x34, 0x6c, 0x0a, 0x74, 0x16, 0x20, 0x45, 0x91,
	0xdf, 0x7e, 0x63, 0xe2, 0x97, 0xa3, 0x28, 0x6f, 0x78, 0x68, 0xb5, 0xae, 0xf4, 0xc5, 0x9e, 0x7c,
	0x5a, 0xc4, 0xb1, 0xa6, 0x7b, 0x0d, 0xda, 0x00, 0x7a, 0xff, 0x2d, 0x5b, 0xdf, 0x2a, 0x57, 0x49,
	0xeb, 0xa1, 0xb5, 0x7d, 0xd7, 0xfa, 0xe6, 0xd1, 0x1c, 0xea, 0xb3, 0x8d, 0x69, 0xda, 0x9e, 0xb9,
	0x03, 0x62, 0xe1, 0x26, 0xf9, 0xe9, 0x13, 0x96, 0x3a, 0x4a, 0x0a, 0x33, 0x80, 0xa2, 0x7c, 0x6b,
	0x07, 0xda, 0x96, 0x8b, 0x74, 0xe9, 0x6f, 0xe6, 0x80, 0xc5, 0xd1, 0x89, 0x31, 0x94, 0xcf, 0xf6,
	0xf1, 0x4d, 0x46, 0xbf, 0xbc, 0xa5, 0xc2, 0x5e, 0x12, 0x99, 0xcd, 0x81, 0x29, 0x9b, 0x44, 0x57,
	0x89, 0x04, 0x65, 0xdf, 0xab, 0xdc, 0x10, 0x23, 0xd3, 0x9e, 0x50, 0x79, 0x54, 0xc6, 0x45, 0x78,
	0xf7, 0xe3, 0xf0, 0xa6, 0x90, 0x17, 0x92, 0x7d, 0x12, 0x91, 0xdd, 0x13, 0xd9, 0x80, 0x8c, 0xb9,
	0x56, 0x80, 0x2d, 0x5e, 0x5a, 0xbb, 0x25, 0xb3, 0x45, 0xdd, 0x7a, 0x4d, 0x60, 0xdb, 0x06, 0x0d,
	0x1a, 0xd6, 0x23, 0xd9, 0x85, 0x47, 0x96, 0x16, 0xbb, 0x16, 0x00, 0xcf, 0x7e, 0x92, 0x04, 0x69,
	0xfe, 0xcb, 0x32, 0x6a, 0xfd, 0x6b, 0x73, 0x9e, 0x4b, 0x86, 0x51, 0x1b, 0x8c, 0x18, 0xba, 0xff,
	0xb5, 0x90, 0xeb, 0xa2, 0xcd, 0x1d, 0x35, 0xda, 0xda, 0x5e, 0x6e, 0x3a, 0xf2, 0xbf, 0xc0, 0xbc,
	0x7a, 0x3c, 0x48, 0xe7, 0xee, 0x4f, 0xb3, 0xa9, 0x13, 0x7c, 0xfe, 0x5a, 0x84, 0xb7, 0x1e, 0x21,
	0x38, 0xe4, 0x0c, 0x93, 0xf2, 0xb8, 0xa8, 0x4d, 0x9d, 0x09, 0x85, 0x04, 0xbb, 0xda, 0x06, 0x99,
	0xbc, 0xbd, 0x8a, 0x6c, 0x86, 0x52, 0x23, 0x54, 0x46, 0xa6, 0x10, 0x10, 0x31, 0x87, 0x0d, 0x53,
	0xb4, 0xa8, 0xe6, 0xb3, 0xa4, 0x02, 0x50, 0xf4, 0x31, 0x03, 0xe9, 0x39, 0x45, 0x3e, 0x1a, 0x27,
	0xdb, 0xb6, 0x58, 0x80, 0xe6, 0x0d, 0xe4, 0x29, 0x64, 0x05, 0x63, 0xf0, 0xf7, 0x39, 0x51, 0xae,
	0x6f, 0x6c, 0xc7, 0x51, 0x6b, 0x00, 0x25, 0x10, 0x61, 0xef, 0xf0, 0x17, 0x08, 0x0f, 0xfc, 0x39,
	0xa8, 0xe8, 0xa1, 0x49, 0x51, 0xa1, 0x45, 0xb7, 0x51, 0xb5, 0xcf, 0xb6, 0x8b, 0xe3, 0x43, 0x1b,
	0x2f, 0x9e, 0xc3, 0x0b, 0x18, 0xdb, 0x13, 0x3c, 0x36, 0x0f, 0x54, 0x79, 0xe9, 0xb4, 0x01, 0x3e,
	0x83, 0x06, 0x1e, 0x59, 0x76, 0x77, 0x16, 0xb7, 0x1a, 0xfa, 0x8e, 0x71, 0x1c, 0x79, 0x4a, 0xf2,
	0x1a, 0x76, 0x06, 0xde, 0x33, 0x6a, 0xde, 0x7b, 0xf4, 0xc8, 0xd8, 0xc5, 0xff, 0x87, 0xd1, 0x99,
	0xca, 0x78, 0xd3, 0x5b, 0x2c, 0xe1, 0x99, 0x84, 0x07, 0x62, 0x7e, 0xf2, 0x3e, 0x3f, 0x7f, 0xde,
	0x31, 0x49, 0x9f, 0x6f, 0x83, 0xd6, 0xd1, 0xd2, 0xf9, 0x39, 0x2f, 0x51, 0xfd, 0x5d, 0x7c, 0xad,
	0x23, 0x6c, 0x76, 0xd5, 0xaf, 0x2c, 0x9d, 0x97, 0xdb, 0xed, 0xee, 0x76, 0x7a, 0x36, 0x96, 0xfe,
	0xd2, 0xdc, 0x05, 0xf2, 0x8b, 0x18, 0x99, 0x7e, 0xa5, 0xf6, 0x8e, 0xcd, 0x95, 0xef, 0xe8, 0x2d,
	0xa9, 0x1a, 0x55, 0xed, 0x15, 0xef, 0xec, 0xfd, 0xe2, 0xd6, 0x26, 0x7e, 0x98, 0x70, 0xa3, 0xb9,
	0x16, 0xde, 0x99, 0x0e, 0x2f, 0xeb, 0x61, 0x17, 0x97, 0xeb, 0x3a, 0xe5, 0x01, 0x6b, 0x14, 0xbf,
	0x57, 0x1c, 0xe1, 0x66, 0xf2, 0x99, 0x76, 0x8a, 0x1b, 0x3c, 0x63, 0xc8, 0x27, 0x4b, 0x22, 0xa2,
	0x95, 0x1a, 0x2c, 0x08, 0x27, 0x8c, 0x29, 0xc4, 0x82, 0xaf, 0x88, 0xbf, 0x06, 0x5a, 0x19, 0x30,
	0x3b, 0x5f, 0x5f, 0xc3, 0x92, 0x89, 0x0e, 0x5c, 0x0e, 0x2d, 0xc2, 0xb2, 0x49, 0x60, 0x6d, 0xa5,
	0xcb, 0x35, 0xb5, 0x99, 0x20, 0x84, 0x6e, 0x39, 0xe7, 0x57, 0x46, 0x85, 0xb5, 0xe4, 0xa2, 0x6f,
	0x86, 0x43, 0x7a, 0xd0, 0x51, 0xc8, 0xd6, 0x73, 0xe5, 0xb4, 0xb8, 0xaf, 0xf6, 0x0d, 0xbc, 0xc9,
	0x37, 0xd5, 0x83, 0x06, 0x54, 0xe9, 0x1c, 0xa8, 0xd1, 0x08, 0xee, 0x8d, 0xa0, 0x66, 0xc5, 0x58,
	0xad, 0xf7, 0x7e, 0xaf, 0x7e, 0xff, 0xfb, 0xb5, 0xfb, 0xb2, 0xb6, 0x5c, 0x5c, 0xed, 0x32, 0xee,
	0xb5, 0x81, 0xf1, 0x1e, 0xe4, 0xce, 0x94, 0x59, 0x07, 0xba, 0xb0, 0x51, 0x07, 0x2c, 0x61, 0x24,
	0x3b, 0x78, 0x6e, 0x75, 0x2d, 0x3c, 0x81, 0xb9, 0x95, 0x6b, 0x82, 0xb1, 0xe6, 0x18, 0xd2, 0xea,
	0x31, 0x59, 0x3e, 0xbf, 0x3f, 0x40, 0xa5, 0x66, 0x64, 0x95, 0x35, 0xd7, 0x50, 0x45, 0x50, 0xff,
	0x8d, 0xe9, 0x39, 0xad, 0x18, 0xe8, 0x9d, 0x3c, 0x78, 0x65, 0x79, 0x52, 0x65, 0x4a, 0x3c, 0xc4,
	0x12, 0xd0, 0x54, 0x3d, 0x91, 0x35, 0x32, 0x94, 0x39, 0x23, 0x43, 0x3a, 0xef, 0x6e, 0xa3, 0x22,
	0x20, 0xcf, 0x9d, 0xc3, 0x19, 0x92, 0xe8, 0x56, 0x4b, 0x79, 0x9a, 0x7e, 0xda, 0x41, 0xfc, 0x7f,
	0xd6, 0x15, 0x72, 0x01, 0x54, 0x1d, 0x99, 0xa3, 0x65, 0x94, 0x6b, 0xeb, 0x6b, 0x20, 0xb3, 0x00,
	0xa6, 0xd9, 0x32, 0x8b, 0x37, 0x0b, 0x0b, 0xe7, 0x66, 0x02, 0x1c, 0x17, 0x2e, 0xb9, 0x90, 0x02,
	0xd9, 0x54, 0x87, 0x79, 0x58, 0x94, 0x04, 0x5a, 0x9b, 0x39, 0xc0, 0x62, 0x83, 0x48, 0x19, 0xca,
	0x2b, 0xa9, 0x57, 0x3f, 0x84, 0x32, 0x24, 0xda, 0xc6, 0x83, 0x56, 0x34, 0xd1, 0x52, 0xd0, 0x0f,
	0x44, 0xc9, 0x0a, 0x84, 0x31, 0x9d, 0xd7, 0xc4, 0x57, 0xa5, 0xdf, 0xda, 0x96, 0xb1, 0x1b, 0x39,
	0xe3, 0xff, 0x2f, 0x99, 0x01, 0x8a, 0xde, 0x30, 0x05, 0x44, 0x3e, 0x7c, 0x31, 0xbb, 0xc6, 0xcc,
	0x64, 0x31, 0xd2, 0x30, 0x93, 0x82, 0x74, 0x2d, 0x12, 0x73, 0x98, 0x0b, 0x55, 0xfc, 0xb5, 0x29,
	0x63, 0xe6, 0xbe, 0x55, 0xab, 0x3e, 0xa9, 0x9c, 0x14, 0x33, 0x20, 0x2d, 0xb0, 0xde, 0x9a, 0x34,
	0x63, 0xda, 0x4a, 0x72, 0xc3, 0x68, 0x36, 0xd5, 0x24, 0xe8, 0x22, 0xc4, 0x4a, 0x77, 0xeb, 0xfd,
	0x17, 0xe4, 0xc1, 0xa0, 0x98, 0xd6, 0xc8, 0xad, 0xb6, 0xe4, 0x7d, 0x23, 0x76, 0x7d, 0x7f, 0x83,
	0xcd, 0x67, 0x6e, 0xe7, 0x1f, 0xc3, 0x2c, 0x87, 0x02, 0x6a, 0x65, 0xa9, 0x5f, 0xf7, 0x7b, 0xb9,
	0x43, 0xf6, 0xf4, 0xc5, 0xe5, 0xeb, 0xef, 0xdf, 0x9f, 0x9f, 0xbd, 0x16, 0x07, 0xae, 0x33, 0x46,
	0xdb, 0x7c, 0xe4, 0xc1, 0xdd, 0xec, 0x27, 0x71, 0x33, 0x9a, 0x65, 0xa3, 0xd3, 0x17, 0xef, 0xeb,
	0x8c, 0xd5, 0x85, 0xbc, 0x98, 0xcd, 0x09, 0x38, 0xe0, 0x51, 0x9d, 0xf2, 0x72, 0xdc, 0x04, 0x6f,
	0x38, 0xa3, 0x7d, 0xcb, 0x57, 0x9c, 0x75, 0xda, 0x07, 0xbd, 0x9e, 0xbc, 0x0d, 0x86, 0x46, 0x0b,
	0xaf, 0x6e, 0xc0, 0x98, 0x17, 0x85, 0x41, 0xfa, 0x9f, 0x2c, 0x1f, 0x0f, 0x58, 0x08, 0x80, 0x24,
	0x78, 0x6f, 0x01, 0x02, 0x90, 0xd7, 0x1d, 0xc4, 0xda, 0x7b, 0xe9, 0x2a, 0xf3, 0xf0, 0x46, 0x6d,
	0x2b, 0x59, 0xb8, 0x71, 0x24, 0x3f, 0x2c, 0x92, 0x6b, 0x3a, 0x95, 0x38, 0xc3, 0xf6, 0x47, 0xba,
	0xb2, 0xec, 0x5c, 0x5d, 0x59, 0xa6, 0xf0, 0x3d, 0x7c, 0x45, 0xc9, 0x1e, 0x07, 0xaf, 0xe8, 0x7a,
	0xe4, 0x30, 0x76, 0x7d, 0xd4, 0xf3, 0xc9, 0x69, 0x5e, 0xb8, 0xe4, 0xcc, 0x61, 0xe8, 0xe2, 0x13,
	0x97, 0xf5, 0xa2, 0x1b, 0x3b, 0x9c, 0xcd, 0xf0, 0x82, 0x14, 0x58, 0xf1, 0x40, 0xe5, 0xc5, 0x85,
	0x6f, 0xaa, 0xba, 0x59, 0xe8, 0x47, 0x10, 0x1f, 0xe2, 0x41, 0xc7, 0xf8, 0x67, 0x44, 0xe7, 0xc3,
	0xd3, 0xaf, 0xa8, 0x4b, 0xbf, 0x46, 0x80, 0x06, 0x5e, 0x68, 0x2a, 0x1e, 0x40, 0x3d, 0x76, 0xf3,
	0x5f, 0xd8, 0x9e, 0x78, 0x12, 0x5e, 0x51, 0xfd, 0x77, 0xf1, 0xdb, 0x08, 0xe3, 0xbf, 0x46, 0x87,
	0xc5, 0xa5, 0xcf, 0xdf, 0x31, 0x18, 0x11, 0x79, 0xab, 0x76, 0x92, 0x0f, 0x12, 0x7e, 0x8a, 0xe2,
	0x10, 0x43, 0x0b, 0x7a, 0xa2, 0x52, 0x3f, 0xf3, 0x22, 0xc3, 0x5b, 0x9b, 0x09, 0x8d, 0x9e, 0x91,
	0x9f, 0x12, 0x57, 0xd0, 0x44, 0xe6, 0x3e, 0xc8, 0x2b, 0xa7, 0xf1, 0x56, 0x64, 0xbc, 0x7b, 0x88,
	0xc8, 0x69, 0x74, 0x59, 0xf3, 0x1c, 0xe3, 0xe0, 0x29, 0x5f, 0x2c, 0x5e, 0x00, 0x21, 0xe1, 0xe3,
	0xe9, 0xba, 0xf3, 0xf1, 0x48, 0x79, 0xde, 0xad, 0xdc, 0xd1, 0x6f, 0x3c, 0x08, 0x82, 0xc5, 0x07,
	0x77, 0x58, 0x55, 0xdc, 0xde, 0x3e, 0xa2, 0x83, 0xc1, 0xa7, 0xd1, 0x68, 0xe2, 0xaf, 0x12, 0x71,
	0x3a, 0x76, 0x38, 0x9e, 0x98, 0x7d, 0x7f, 0x25, 0x8a, 0x8a, 0x5b, 0x4d, 0x55, 0xaf, 0xff, 0x0e,
	0x76, 0xa7, 0xba, 0x02, 0x5e, 0xf0, 0x9d, 0xcd, 0x22, 0x60, 0x47, 0x3c, 0x8a, 0x88, 0xee, 0xc1,
	0x0b, 0x97, 0xa0, 0xb7, 0x26, 0xc4, 0x4d, 0x36, 0xfb, 0x01, 0xef, 0xb8, 0x0d, 0x03, 0x0e, 0x44,
	0x88, 0x22, 0x3a, 0xc1, 0xda, 0xe8, 0xe1, 0x0d, 0x1d, 0x9d, 0x6d, 0x78, 0x7f, 0x8d, 0x67, 0x0c,
	0xd8, 0xc8, 0x17, 0x7e, 0xba, 0x94, 0xbf, 0x02, 0xac, 0x13, 0xcd, 0x26, 0xe2, 0x5f, 0xd1, 0xb7,
	0x05, 0x01, 0x82, 0x7f, 0xc5, 0x63, 0xb2, 0x88, 0xf0, 0x87, 0xd1, 0x9b, 0xb7, 0x80, 0x15, 0x1e,
	0x02, 0xa2, 0x6e, 0x1d, 0x52, 0x1d, 0xa2, 0xf7, 0xc0, 0xf4, 0xf2, 0xce, 0x1e, 0x35, 0xcc, 0xb6,
	0xb8, 0x34, 0xef, 0xed, 0xc5, 0xa9, 0x8d, 0xdb, 0x35, 0xf0, 0x42, 0x6d, 0x36, 0xf6, 0xdd, 0xc9,
	0x95, 0x7e, 0x73, 0x51, 0x71, 0xae, 0x25, 0x88, 0x14, 0xfc, 0x3b, 0x9a, 0xa4, 0x31, 0x22, 0xee,
	0x8a, 0x37, 0x6e, 0xe1, 0x15, 0xf4, 0xf3, 0x67, 0x41, 0x70, 0xc1, 0xc0, 0x49, 0x8a, 0xe7, 0xef,
	0x8e, 0xfc, 0x08, 0x8f, 0xaf, 0xc7, 0xeb, 0xcd, 0x47, 0x12, 0x1f, 0x31, 0xbe, 0xf2, 0x6e, 0x82,
	0xac, 0x27, 0xdf, 0xbb, 0xcb, 0xa5, 0x0b, 0x3c, 0xf9, 0xf6, 0xe3, 0xa5, 0xea, 0xc4, 0x25, 0xd2,
	0x98, 0x68, 0x46, 0x13, 0xd1, 0x0f, 0xc3, 0xab, 0x55, 0x84, 0x27, 0x99, 0xe0, 0x85, 0x6b, 0xd9,
	0x05, 0x8d, 0x45, 0xd9, 0x80, 0xbc, 0x33, 0x47, 0x60, 0xd0, 0xce, 0xdd, 0xea, 0x3a, 0xfb, 0xad,
	0xee, 0xd4, 0x96, 0x2f, 0x8c, 0xc6, 0x2f, 0x49, 0xa5, 0xcb, 0x26, 0xc1, 0x4b, 0x71, 0x1b, 0xfc,
	0x8c, 0x8b, 0x1b, 0xd1, 0xc5, 0x49, 0xc2, 0x3c, 0xe9, 0xe3, 0x75, 0x8b, 0x77, 0xe2, 0xaa, 0x2a,
	0x74, 0xb4, 0xdb, 0x98, 0x15, 0x06, 0x35, 0x69, 0x42, 0xd0, 0x85, 0xeb, 0x78, 0xc4, 0x1b, 0xf0,
	0x4b, 0x20, 0x04, 0x04, 0x7c, 0x77, 0xef, 0xf6, 0x03, 0x94, 0x49, 0x05, 0x1c, 0x89, 0x8b, 0x47,
	0x69, 0x38, 0x42, 0x80, 0xc4, 0xfa, 0x00, 0x87, 0xce, 0x72, 0xa7, 0x1b, 0x18, 0x7e, 0x19, 0xc9,
	0x33, 0xcf, 0xa1, 0xfe, 0x48, 0xd6, 0xb7, 0x50, 0x08, 0xd1, 0x3d, 0x2e, 0x9e, 0x89, 0xfb, 0x8b,
	0xd7, 0xec, 0x54, 0x09, 0x17, 0x81, 0xfe, 0x0b, 0xe3, 0x62, 0x44, 0x71, 0x07, 0xa2, 0x16, 0x41,
	0x2c, 0xe0, 0xe2, 0xf2, 0x11, 0xbf, 0x1e, 0x21, 0x87, 0x23, 0x91, 0xb8, 0x6a, 0x1a, 0x7e, 0x25,
	0xa9, 0x3c, 0xe9, 0x1e, 0x78, 0x16, 0xed, 0x29, 0x9a, 0x50, 0xf9, 0x83, 0xe0, 0x4a, 0x78, 0xbe,
	0xf1, 0x82, 0xd1, 0xcd, 0x3c, 0x1d, 0xa1, 0x9d, 0x2d, 0x61, 0xd0, 0xb9, 0x0a, 0x23, 0xc4, 0x41,
	0xbc, 0xc0, 0x5f, 0x23, 0xdf, 0x5b, 0x7a, 0x69, 0x06, 0x1a, 0xf7, 0xca, 0xfd, 0xaa, 0x40, 0x0a,
	0x86, 0xa0, 0x9f, 0xc8, 0xf5, 0x66, 0x07, 0xff, 0xfe, 0xb2, 0xaa, 0x87, 0x78, 0xd4, 0x4d, 0xca,
	0xdb, 0xf2, 0x8a, 0x9b, 0xed, 0xdd, 0xbc, 0x19, 0x8f, 0x70, 0x6f, 0x8b, 0xc4, 0x1a, 0x9e, 0x26,
	0xe9, 0x48, 0x9c, 0xd4, 0x23, 0x9f, 0x97, 0x18, 0xa6, 0x1c, 0x89, 0xa3, 0xfc, 0xe1, 0x51, 0x43,
	0x51, 0x9e, 0xfe, 0x5e, 0xd8, 0x72, 0x7a, 0xf6, 0xd3, 0x29, 0xd0, 0x67, 0x1e, 0xd2, 0x2e, 0xd8,
	0x2f, 0x70, 0x94, 0x4f, 0xb2, 0xda, 0x99, 0x97, 0xbc, 0xca, 0x47, 0x6d, 0x99, 0x6a, 0x2e, 0xd4,
	0xa2, 0xcb, 0x4f, 0xf5, 0xc5, 0xd7, 0x50, 0x77, 0x71, 0x7b, 0xea, 0xd6, 0x1d, 0x83, 0x22, 0x19,
	0x70, 0x62, 0xe6, 0x44, 0x09, 0x9c, 0xda, 0x55, 0xfb, 0x50, 0x95, 0x92, 0x39, 0x59, 0x78, 0x51,
	0xf2, 0x83, 0xf4, 0x9d, 0xca, 0xf7, 0x85, 0x5c, 0x1a, 0x00, 0x21, 0x32, 0x66, 0x8a, 0xee, 0xb8,
	0x2a, 0xad, 0xff, 0xb3, 0xee, 0x33, 0x33, 0x7d, 0x78, 0x4c, 0x6b, 0x2c, 0xf3, 0x7c, 0x48, 0xdf,
	0xd1, 0xd2, 0x8d, 0x61, 0xb4, 0xfb, 0x07, 0xd1, 0x2d, 0xeb, 0x94, 0x9d, 0x74, 0x22, 0xf6, 0x81,
	0xb5, 0x33, 0x67, 0xd3, 0x18, 0x64, 0xdc, 0x3c, 0x0e, 0x57, 0xc1, 0xd4, 0x38, 0xa0, 0xb0, 0x3d,
	0xf7, 0x71, 0xbb, 0xc9, 0x38, 0x8c, 0xa7, 0x78, 0x93, 0x64, 0xf9, 0x00, 0xc3, 0x41, 0xd5, 0xa1,
	0x86, 0xdb, 0xbc, 0x19, 0xd2, 0x8b, 0x41, 0xbf, 0xa4, 0x6f, 0x90, 0x69, 0x1e, 0x21, 0xa3, 0x5b,
	0xa2, 0xd3, 0xa4, 0x5a, 0xcf, 0xd8, 0xf0, 0x64, 0x4f, 0x3f, 0x79, 0x71, 0x43, 0xb7, 0x32, 0x0c,
	0xcc, 0x98, 0x9e, 0x6c, 0x1e, 0x75, 0x68, 0x54, 0x1d, 0x25, 0x1a, 0x33, 0xdd, 0x49, 0x99, 0xb5,
	0x50, 0xb9, 0x75, 0xce, 0xa4, 0x78, 0xc1, 0x4f, 0x55, 0x72, 0x23, 0x9a, 0xa5, 0xbf, 0x18, 0xdd,
	0x0d, 0xd4, 0xba, 0xd7, 0xac, 0x0a, 0xe4, 0xd7, 0x4d, 0xd1, 0x1b, 0xe4, 0xdd, 0x2f, 0xda, 0x05,
	0xfd, 0xaf, 0x7c, 0x1b, 0xb4, 0x44, 0x65, 0x4f, 0x0d, 0x01, 0x05, 0x01, 0x90, 0xa3, 0x83, 0x3c,
	0x06, 0x60, 0x74, 0x14, 0xe5, 0x51, 0x43, 0x96, 0xc1, 0xdf, 0x39, 0xa1, 0x73, 0x20, 0x05, 0xc2,
	0x20, 0x9e, 0x9b, 0x36, 0x4e, 0x6b, 0x35, 0xcb, 0x1d, 0x14, 0x3b, 0xa8, 0xd1, 0x0d, 0x2f, 0x69,
	0xff, 0xc8, 0xaa, 0xf1, 0x55, 0xe9, 0x3b, 0xa6, 0x80, 0x74, 0xda, 0x01, 0xf6, 0xc5, 0x54, 0x76,
	0x9e, 0x0d, 0x88, 0xb1, 0x3b, 0x46, 0x48, 0x85, 0x87, 0x45, 0x36, 0x1d, 0xd0, 0xd9, 0x96, 0x4d,
	0x3d, 0x4b, 0x51, 0x05, 0x2d, 0x1f, 0x18, 0xe6, 0xd4, 0x01, 0xa1, 0x81, 0x42, 0xd8, 0xfc, 0xf6,
	0x9b, 0x02, 0x87, 0x9b, 0x05, 0xad, 0x3c, 0xdb, 0x88, 0x6e, 0x29, 0xce, 0x44, 0xbf, 0x40, 0x1d,
	0x55, 0x06, 0x01, 0xb2, 0x94, 0x0e, 0xf6, 0x90, 0x34, 0xc6, 0xfa, 0x9d, 0x21, 0x14, 0x40, 0x57,
	0x76, 0xea, 0x8a, 0x17, 0xd3, 0x1d, 0xa5, 0x19, 0x25, 0x18, 0x07, 0xd9, 0xd5, 0x2c, 0xb6, 0xc1,
	0x1d, 0x43, 0x9b, 0x37, 0x2f, 0x78, 0xc5, 0x89, 0x39, 0x55, 0x09, 0xc9, 0x3b, 0x64, 0x1f, 0xcb,
	0x6c, 0x2c, 0x79, 0xbc, 0x49, 0x7d, 0x82, 0xaa, 0x48, 0xea, 0x92, 0xe9, 0xe0, 0xd5, 0x89, 0xc7,
	0xf1, 0x4e, 0x39, 0xe8, 0xbb, 0xe6, 0xda, 0x85, 0x57, 0xcf, 0x63, 0x3d, 0xe5, 0xbc, 0x1f, 0xeb,
	0x99, 0x77, 0x6c, 0x53, 0xea, 0xdd, 0x43, 0x72, 0xef, 0x76, 0x4e, 0xbe, 0xab, 0xc8, 0xbe, 0xbb,
	0x71, 0xef, 0xc6, 0xdc, 0x5d, 0x8e, 0xae, 0x81, 0x03, 0x46, 0xf2, 0x98, 0x7c, 0x99, 0x4c, 0x57,
	0xcc, 0xa6, 0xdb, 0x9e, 0x4e, 0xa7, 0xe7, 0xd3, 0xc9, 0x5c, 0x7a, 0x3d, 0x91, 0xae, 0x32, 0xdf,
	0x7c, 0x43, 0x2a, 0x5d, 0xed, 0x80, 0x9f, 0x05, 0x30, 0x40, 0xf5, 0xe3, 0xec, 0xc1, 0xe7, 0xba,
	0xc4, 0x72, 0xdc, 0x05, 0x60, 0xe3, 0xf9, 0x06, 0xf0, 0xef, 0x35, 0x8f, 0xe1, 0x5f, 0xba, 0x3b,
	0xf1, 0xfc, 0x21, 0x89, 0xe6, 0x8a, 0x1b, 0xaa, 0xd3, 0xca, 0xf5, 0xb3, 0x13, 0xea, 0xca, 0x40,
	0xcb, 0x64, 0x3b, 0xd6, 0x7c, 0x16, 0xd7, 0x39, 0xea, 0x19, 0xe9, 0xcd, 0xb5, 0x3a, 0x85, 0xe8,
	0xbe, 0x55, 0x91, 0x99, 0x5e, 0xda, 0x0d, 0xf1, 0x85, 0x3b, 0x21, 0x76, 0xdb, 0x05, 0x71, 0x9f,
	0xb7, 0x0b, 0x74, 0xac, 0x48, 0x60, 0x8f, 0xdd, 0x1b, 0x71, 0x88, 0x84, 0x6c, 0x46, 0xaa, 0x46,
	0xf9, 0x51, 0x2b, 0x54, 0x54, 0xa3, 0x53, 0x7e, 0x82, 0x90, 0xa9, 0x71, 0xd5, 0x9d, 0x22, 0x84,
	0xd7, 0xaf, 0x1a, 0x9b, 0xc5, 0x8d, 0xf3, 0x2a, 0xf4, 0x83, 0x7a, 0xb4, 0x9c, 0x01, 0x37, 0x26,
	0x37, 0xe9, 0x95, 0x76, 0xf0, 0x43, 0xa9, 0xd0, 0x04, 0xc4, 0x19, 0x45, 0x55, 0xb1, 0xf0, 0xa7,
	0xce, 0x67, 0x52, 0x36, 0xe8, 0x41, 0xa6, 0xa0, 0x76, 0x95, 0x5e, 0xe1, 0xe8, 0xfb, 0x8a, 0x47,
	0xcd, 0x4f, 0x6e, 0xfb, 0xd7, 0xcf, 0xad, 0xfd, 0xb9, 0xdd, 0x1c, 0xd9, 0x13, 0x18, 0xb0, 0x09,
	0xac, 0xbe, 0x1f, 0x61, 0x89, 0x8a, 0x4f, 0xdd, 0x84, 0x37, 0x5b, 0xc5, 0xdd, 0x2b, 0xd4, 0x0c,
	0xee, 0x42, 0x05, 0x41, 0x6a, 0x20, 0x4f, 0x5f, 0xcc, 0x0e, 0xdc, 0x17, 0xa9, 0x8e, 0x7c, 0x6b,
	0x50, 0x7d, 0xf3, 0x56, 0x81, 0x8c, 0xd9, 0x4c, 0xf5, 0xe2, 0xfa, 0xd9, 0x18, 0x16, 0x5a, 0x82,
	0x25, 0xf6, 0x06, 0x44, 0xd1, 0x48, 0x16, 0xc5, 0x45, 0x77, 0x7c, 0x62, 0x0d, 0x76, 0x83, 0x8f,
	0xca, 0x27, 0x2c, 0xc5, 0x45, 0xf8, 0x05, 0xf0, 0xb2, 0x94, 0x09, 0x3a, 0xef, 0x93, 0x98, 0x85,
	0xf2, 0x78, 0x46, 0xf9, 0xa0, 0x6e, 0xf6, 0xd0, 0x1e, 0x31, 0xfb, 0xbc, 0xa8, 0x78, 0x47, 0x24,
	0xc9, 0x8a, 0x85, 0x80, 0xe9, 0x82, 0x69, 0x33, 0x1a, 0x9e, 0x60, 0x82, 0xfb, 0x14, 0x56, 0x54,
	0xbd, 0x80, 0x3a, 0x87, 0x61, 0x04, 0x9f, 0xe8, 0x30, 0x81, 0x62, 0x6d, 0x99, 0x7f, 0x2b, 0x91,
	0xc3, 0x16, 0x00, 0x0f, 0xf8, 0x43, 0xa7, 0x49, 0x24, 0xc6, 0x43, 0xf9, 0x5c, 0x79, 0x79, 0x92,
	0x8a, 0x4f, 0x37, 0xdb, 0xb4, 0xbb, 0x56, 0x29, 0xce, 0xbc, 0x7c, 0xab, 0xce, 0xaa, 0x58, 0xe3,
	0x77, 0x69, 0xf0, 0x35, 0x17, 0x60, 0xad, 0xf1, 0x24, 0x6d, 0x59, 0xf7, 0x55, 0xa7, 0xba, 0x2f,
	0x71, 0x1e, 0x64, 0xad, 0x56, 0x9c, 0xeb, 0x8e, 0x1b, 0x4e, 0x65, 0xc2, 0xf4, 0x52, 0x24, 0xb9,
	0x19, 0x87, 0x59, 0x2f, 0x7d, 0x71, 0xd0, 0xe2, 0x95, 0xf9, 0x56, 0xa0, 0x22, 0x26, 0xcd, 0x92,
	0x74, 0x3c, 0xa4, 0x47, 0xf3, 0x4a, 0x78, 0x66, 0x97, 0xce, 0x8d, 0x37, 0x4d, 0x17, 0x8f, 0xac,
	0x5b, 0xfc, 0xbd, 0x20, 0x7b, 0xf2, 0x91, 0xf5, 0x57, 0x7c, 0x58, 0xba, 0xb7, 0xa3, 0x59, 0x94,
	0xb4, 0xaa, 0x62, 0xc1, 0xe2, 0x90, 0x0c, 0xe3, 0x04, 0x0e, 0x82, 0xaf, 0x1d, 0xaa, 0x51, 0x71,
	0xee, 0xc6, 0x50, 0x61, 0x53, 0x54, 0x8f, 0xf7, 0x36, 0x6c, 0xa6, 0xaa, 0x32, 0x56, 0xe5, 0xa7,
	0xc2, 0x4e, 0xa3, 0x7c, 0x6f, 0x5a, 0x76, 0x2f, 0x92, 0x51, 0xa2, 0x7a, 0x5f, 0xd4, 0xde, 0xe6,
	0x5c, 0xb4, 0x8a, 0x5d, 0xf8, 0x85, 0x2d, 0x03, 0x1b, 0x02, 0x88, 0x6a, 0x8f, 0x37, 0xfc, 0x4f,
	0xac, 0x59, 0xf0, 0x02, 0x74, 0x65, 0xca, 0x20, 0x3e, 0xc1, 0x9f, 0xa8, 0x0e, 0xd3, 0x0f, 0x8c,
	0xc6, 0x9e, 0xec, 0xfd, 0x5f, 0x38, 0xfb, 0x1b, 0xfd, 0x1d, 0xfd, 0x00, 0x00,
};

static int handle_dashboard(int fd, const HttpRequest *req, void *ctx)
{
	(void)req; (void)ctx;
	return httpd_send_html_gz(fd, 200, dashboard_gz,
		(int)sizeof(dashboard_gz));
}

int venc_webui_register(void)
{
	int rc = 0;
	/* Specific routes must be registered before the "/" catch-all below,
	 * since the httpd dispatches by prefix on first match. */
	rc |= venc_recordings_register();
	rc |= venc_httpd_route("GET", "/", handle_dashboard, NULL);
	return rc;
}
